﻿"INDICATOR_CODE","INDICATOR_NAME","SOURCE_NOTE","SOURCE_ORGANIZATION",
"per_allsp.adq_pop_tot","Adequacy of social protection and labor programs (% of total welfare of beneficiary households)","Adequacy of social protection and labor programs (SPL) is measured by the total transfer amount received by the population participating in social insurance, social safety net, and unemployment benefits and active labor market programs as a share of their total welfare. Welfare is defined as the total income or total expenditure of beneficiary households. Estimates include both direct and indirect beneficiaries.","The Atlas of Social Protection: Indicators of Resilience and Equity (ASPIRE)",
"per_allsp.ben_q1_tot","Benefits incidence in poorest quintile (%) -All Social Protection and Labor ","NULL","The Atlas of Social Protection: Indicators of Resilience and Equity (ASPIRE)",
"per_allsp.cov_pop_tot","Coverage (%) -All Social Protection and Labor ","NULL","The Atlas of Social Protection: Indicators of Resilience and Equity (ASPIRE)",
"per_lm_alllm.adq_pop_tot","Adequacy of unemployment benefits and ALMP (% of total welfare of beneficiary households)","Adequacy of unemployment benefits and active labor market programs (ALMP) is measured by the total transfer amount received by the population participating in unemployment benefits and active labor market programs as a share of their total welfare. Welfare is defined as the total income or total expenditure of beneficiary households. Unemployment benefits and active labor market programs include unemployment compensation, severance pay, and early retirement due to labor market reasons, labor market services (intermediation), training (vocational, life skills, and cash for training), job rotation and job sharing, employment incentives and wage subsidies, supported employment and rehabilitation, and employment measures for the disabled. Estimates include both direct and indirect beneficiaries.","The Atlas of Social Protection: Indicators of Resilience and Equity (ASPIRE)",
"per_lm_alllm.ben_q1_tot","Benefits incidence in poorest quintile (%) - All Labor Market ","NULL","The Atlas of Social Protection: Indicators of Resilience and Equity (ASPIRE)",
"per_lm_alllm.cov_pop_tot","Coverage (%) - All Labor Market ","NULL","The Atlas of Social Protection: Indicators of Resilience and Equity (ASPIRE)",
"per_sa_allsa.adq_pop_tot","Adequacy of social safety net programs (% of total welfare of beneficiary households)","Adequacy of social safety net programs is measured by the total transfer amount received by the population participating in social safety net programs as a share of their total welfare. Welfare is defined as the total income or total expenditure of beneficiary households. Social safety net programs include cash transfers and last resort programs, noncontributory social pensions, other cash transfers programs (child, family and orphan allowances, birth and death grants, disability benefits, and other allowances), conditional cash transfers, in-kind food transfers (food stamps and vouchers, food rations, supplementary feeding, and emergency food distribution), school feeding, other social assistance programs (housing allowances, scholarships, fee waivers, health subsidies, and other social assistance) and public works programs (cash for work and food for work). Estimates include both direct and indirect beneficiaries.","The Atlas of Social Protection: Indicators of Resilience and Equity (ASPIRE)",
"per_sa_allsa.ben_q1_tot","Benefits incidence in poorest quintile (%) - All Social Assistance ","NULL","The Atlas of Social Protection: Indicators of Resilience and Equity (ASPIRE)",
"per_sa_allsa.cov_pop_tot","Coverage (%) - All Social Assistance ","NULL","The Atlas of Social Protection: Indicators of Resilience and Equity (ASPIRE)",
"per_si_allsi.adq_pop_tot","Adequacy of social insurance programs (% of total welfare of beneficiary households)","Adequacy of social insurance programs is measured by the total transfer amount received by the population participating in social insurance programs as a share of their total welfare. Welfare is defined as the total income or total expenditure of beneficiary households. Social insurance programs include old age contributory pensions (including survivors and disability) and social security and health insurance benefits (including occupational injury benefits, paid sick leave, maternity and other social insurance). Estimates include both direct and indirect beneficiaries.","The Atlas of Social Protection: Indicators of Resilience and Equity (ASPIRE)",
"per_si_allsi.ben_q1_tot","Benefits incidence in poorest quintile (%) - All Social Insurance ","NULL","The Atlas of Social Protection: Indicators of Resilience and Equity (ASPIRE)",
"per_si_allsi.cov_pop_tot","Coverage (%) - All Social Insurance ","NULL","The Atlas of Social Protection: Indicators of Resilience and Equity (ASPIRE)",
"SL.AGR.0714.FE.ZS","Child employment in agriculture, female (% of female economically active children ages 7-14)","Employment by economic activity refers to the distribution of economically active children by the major industrial categories (ISIC revision 2 or revision 3). Agriculture corresponds to division 1 (ISIC revision 2) or categories A and B (ISIC revision 3) and includes agriculture and hunting, forestry and logging, and fishing. Economically active children refer to children involved in economic activity for at least one hour in the reference week of the survey.","Understanding Children's Work project based on data from ILO, UNICEF and the World Bank.",
"SL.AGR.0714.MA.ZS","Child employment in agriculture, male (% of male economically active children ages 7-14)","Employment by economic activity refers to the distribution of economically active children by the major industrial categories (ISIC revision 2 or revision 3). Agriculture corresponds to division 1 (ISIC revision 2) or categories A and B (ISIC revision 3) and includes agriculture and hunting, forestry and logging, and fishing. Economically active children refer to children involved in economic activity for at least one hour in the reference week of the survey.","Understanding Children's Work project based on data from ILO, UNICEF and the World Bank.",
"SL.AGR.0714.ZS","Child employment in agriculture (% of economically active children ages 7-14)","Employment by economic activity refers to the distribution of economically active children by the major industrial categories (ISIC revision 2 or revision 3). Agriculture corresponds to division 1 (ISIC revision 2) or categories A and B (ISIC revision 3) and includes agriculture and hunting, forestry and logging, and fishing. Economically active children refer to children involved in economic activity for at least one hour in the reference week of the survey.","Understanding Children's Work project based on data from ILO, UNICEF and the World Bank.",
"SL.AGR.EMPL.FE.ZS","Employment in agriculture, female (% of female employment)","Employment is defined as persons of working age who were engaged in any activity to produce goods or provide services for pay or profit, whether at work during the reference period or not at work due to temporary absence from a job, or to working-time arrangement. The agriculture sector consists of activities in agriculture, hunting, forestry and fishing, in accordance with division 1 (ISIC 2) or categories A-B (ISIC 3) or category A (ISIC 4).","International Labour Organization, Key Indicators of the Labour Market database.",
"SL.AGR.EMPL.MA.ZS","Employment in agriculture, male (% of male employment)","Employment is defined as persons of working age who were engaged in any activity to produce goods or provide services for pay or profit, whether at work during the reference period or not at work due to temporary absence from a job, or to working-time arrangement. The agriculture sector consists of activities in agriculture, hunting, forestry and fishing, in accordance with division 1 (ISIC 2) or categories A-B (ISIC 3) or category A (ISIC 4).","International Labour Organization, Key Indicators of the Labour Market database.",
"SL.AGR.EMPL.ZS","Employment in agriculture (% of total employment)","Employment is defined as persons of working age who were engaged in any activity to produce goods or provide services for pay or profit, whether at work during the reference period or not at work due to temporary absence from a job, or to working-time arrangement. The agriculture sector consists of activities in agriculture, hunting, forestry and fishing, in accordance with division 1 (ISIC 2) or categories A-B (ISIC 3) or category A (ISIC 4).","International Labour Organization, Key Indicators of the Labour Market database.",
"SL.EMP.1524.SP.FE.NE.ZS","Employment to population ratio, ages 15-24, female (%) (national estimate)","Employment to population ratio is the proportion of a country's population that is employed. Ages 15-24 are generally considered the youth population.","International Labour Organization, Key Indicators of the Labour Market database.",
"SL.EMP.1524.SP.FE.ZS","Employment to population ratio, ages 15-24, female (%) (modeled ILO estimate)","Employment to population ratio is the proportion of a country's population that is employed. Ages 15-24 are generally considered the youth population.","International Labour Organization, Key Indicators of the Labour Market database.",
"SL.EMP.1524.SP.MA.NE.ZS","Employment to population ratio, ages 15-24, male (%) (national estimate)","Employment to population ratio is the proportion of a country's population that is employed. Ages 15-24 are generally considered the youth population.","International Labour Organization, Key Indicators of the Labour Market database.",
"SL.EMP.1524.SP.MA.ZS","Employment to population ratio, ages 15-24, male (%) (modeled ILO estimate)","Employment to population ratio is the proportion of a country's population that is employed. Ages 15-24 are generally considered the youth population.","International Labour Organization, Key Indicators of the Labour Market database.",
"SL.EMP.1524.SP.NE.ZS","Employment to population ratio, ages 15-24, total (%) (national estimate)","Employment to population ratio is the proportion of a country's population that is employed. Ages 15-24 are generally considered the youth population.","International Labour Organization, Key Indicators of the Labour Market database.",
"SL.EMP.1524.SP.ZS","Employment to population ratio, ages 15-24, total (%) (modeled ILO estimate)","Employment to population ratio is the proportion of a country's population that is employed. Ages 15-24 are generally considered the youth population.","International Labour Organization, Key Indicators of the Labour Market database.",
"SL.EMP.MPYR.FE.ZS","Employers, female (% of employment)","Employers refers are those workers who, working on their own account or with one or a few partners, hold the type of jobs defined as a ""self-employment jobs"" i.e. jobs where the remuneration is directly dependent upon the profits derived from the goods and services produced), and, in this capacity, have engaged, on a continuous basis, one or more persons to work for them as employee(s).","ILO Key Indicators of the Labour Market (KILM).",
"SL.EMP.MPYR.MA.ZS","Employers, male (% of employment)","Employers refers are those workers who, working on their own account or with one or a few partners, hold the type of jobs defined as a ""self-employment jobs"" i.e. jobs where the remuneration is directly dependent upon the profits derived from the goods and services produced), and, in this capacity, have engaged, on a continuous basis, one or more persons to work for them as employee(s).","ILO Key Indicators of the Labour Market (KILM).",
"SL.EMP.MPYR.ZS","Employers, total (% of employment)","Employers refers are those workers who, working on their own account or with one or a few partners, hold the type of jobs defined as a ""self-employment jobs"" i.e. jobs where the remuneration is directly dependent upon the profits derived from the goods and services produced), and, in this capacity, have engaged, on a continuous basis, one or more persons to work for them as employee(s).","ILO Key Indicators of the Labour Market (KILM).",
"SL.EMP.SELF.FE.ZS","Self-employed, female (% of females employed)","Self-employed workers are those workers who, working on their own account or with one or a few partners or in cooperative, hold the type of jobs defined as a ""self-employment jobs.""  i.e. jobs where the remuneration is directly dependent upon the profits derived from the goods and services produced. Self-employed workers include four sub-categories of employers, own-account workers, members of producers' cooperatives, and contributing family workers.","International Labour Organization, Key Indicators of the Labour Market database.",
"SL.EMP.SELF.MA.ZS","Self-employed, male (% of males employed)","Self-employed workers are those workers who, working on their own account or with one or a few partners or in cooperative, hold the type of jobs defined as a ""self-employment jobs.""  i.e. jobs where the remuneration is directly dependent upon the profits derived from the goods and services produced. Self-employed workers include four sub-categories of employers, own-account workers, members of producers' cooperatives, and contributing family workers.","International Labour Organization, Key Indicators of the Labour Market database.",
"SL.EMP.SELF.ZS","Self-employed, total (% of total employed)","Self-employed workers are those workers who, working on their own account or with one or a few partners or in cooperative, hold the type of jobs defined as a ""self-employment jobs.""  i.e. jobs where the remuneration is directly dependent upon the profits derived from the goods and services produced. Self-employed workers include four sub-categories of employers, own-account workers, members of producers' cooperatives, and contributing family workers.","International Labour Organization, Key Indicators of the Labour Market database.",
"SL.EMP.TOTL.SP.FE.NE.ZS","Employment to population ratio, 15+, female (%) (national estimate)","Employment to population ratio is the proportion of a country's population that is employed. Ages 15 and older are generally considered the working-age population.","International Labour Organization, Key Indicators of the Labour Market database.",
"SL.EMP.TOTL.SP.FE.ZS","Employment to population ratio, 15+, female (%) (modeled ILO estimate)","Employment to population ratio is the proportion of a country's population that is employed. Ages 15 and older are generally considered the working-age population.","International Labour Organization, Key Indicators of the Labour Market database.",
"SL.EMP.TOTL.SP.MA.NE.ZS","Employment to population ratio, 15+, male (%) (national estimate)","Employment to population ratio is the proportion of a country's population that is employed. Ages 15 and older are generally considered the working-age population.","International Labour Organization, Key Indicators of the Labour Market database.",
"SL.EMP.TOTL.SP.MA.ZS","Employment to population ratio, 15+, male (%) (modeled ILO estimate)","Employment to population ratio is the proportion of a country's population that is employed. Ages 15 and older are generally considered the working-age population.","International Labour Organization, Key Indicators of the Labour Market database.",
"SL.EMP.TOTL.SP.NE.ZS","Employment to population ratio, 15+, total (%) (national estimate)","Employment to population ratio is the proportion of a country's population that is employed. Ages 15 and older are generally considered the working-age population.","International Labour Organization, Key Indicators of the Labour Market database.",
"SL.EMP.TOTL.SP.ZS","Employment to population ratio, 15+, total (%) (modeled ILO estimate)","Employment to population ratio is the proportion of a country's population that is employed. Ages 15 and older are generally considered the working-age population.","International Labour Organization, Key Indicators of the Labour Market database.",
"SL.EMP.VULN.FE.ZS","Vulnerable employment, female (% of female employment)","Vulnerable employment is unpaid family workers and own-account workers as a percentage of total employment.","International Labour Organization, Key Indicators of the Labour Market database.",
"SL.EMP.VULN.MA.ZS","Vulnerable employment, male (% of male employment)","Vulnerable employment is unpaid family workers and own-account workers as a percentage of total employment.","International Labour Organization, Key Indicators of the Labour Market database.",
"SL.EMP.VULN.ZS","Vulnerable employment, total (% of total employment)","Vulnerable employment is unpaid family workers and own-account workers as a percentage of total employment.","International Labour Organization, Key Indicators of the Labour Market database.",
"SL.EMP.WORK.FE.ZS","Wage and salaried workers, female (% of females employed)","Wage and salaried workers (employees) are those workers who hold the type of jobs defined as ""paid employment jobs,"" where the incumbents hold explicit (written or oral) or implicit employment contracts that give them a basic remuneration that is not directly dependent upon the revenue of the unit for which they work.","International Labour Organization, Key Indicators of the Labour Market database.",
"SL.EMP.WORK.MA.ZS","Wage and salary workers, male (% of males employed)","Wage and salaried workers (employees) are those workers who hold the type of jobs defined as ""paid employment jobs,"" where the incumbents hold explicit (written or oral) or implicit employment contracts that give them a basic remuneration that is not directly dependent upon the revenue of the unit for which they work.","International Labour Organization, Key Indicators of the Labour Market database.",
"SL.EMP.WORK.ZS","Wage and salaried workers, total (% of total employed)","Wage and salaried workers (employees) are those workers who hold the type of jobs defined as ""paid employment jobs,"" where the incumbents hold explicit (written or oral) or implicit employment contracts that give them a basic remuneration that is not directly dependent upon the revenue of the unit for which they work.","International Labour Organization, Key Indicators of the Labour Market database.",
"SL.FAM.0714.FE.ZS","Children in employment, unpaid family workers, female (% of female children in employment, ages 7-14)","Unpaid family workers are people who work without pay in a market-oriented establishment operated by a related person living in the same household.","Understanding Children's Work project based on data from ILO, UNICEF and the World Bank.",
"SL.FAM.0714.MA.ZS","Children in employment, unpaid family workers, male (% of male children in employment, ages 7-14)","Unpaid family workers are people who work without pay in a market-oriented establishment operated by a related person living in the same household.","Understanding Children's Work project based on data from ILO, UNICEF and the World Bank.",
"SL.FAM.0714.ZS","Children in employment, unpaid family workers (% of children in employment, ages 7-14)","Unpaid family workers are people who work without pay in a market-oriented establishment operated by a related person living in the same household.","Understanding Children's Work project based on data from ILO, UNICEF and the World Bank.",
"SL.FAM.WORK.FE.ZS","Contributing family workers, female (% of females employed)","Contributing family workers are those workers who hold  ‘self-employment jobs’ as own-account workers in a market-oriented establishment operated by a related person living in the same household.","International Labour Organization, Key Indicators of the Labour Market database.",
"SL.FAM.WORK.MA.ZS","Contributing family workers, male (% of males employed)","Contributing family workers are those workers who hold ""self-employment jobs"" as own-account workers in a market-oriented establishment operated by a related person living in the same household.","International Labour Organization, Key Indicators of the Labour Market database.",
"SL.FAM.WORK.ZS","Contributing family workers, total (% of total employed)","Contributing family workers are those workers who hold ""self-employment jobs"" as own-account workers in a market-oriented establishment operated by a related person living in the same household.","International Labour Organization, Key Indicators of the Labour Market database.",
"SL.GDP.PCAP.EM.KD","GDP per person employed (constant 2011 PPP $)","GDP per person employed is gross domestic product (GDP) divided by total employment in the economy. Purchasing power parity (PPP) GDP is GDP converted to 2011 constant international dollars using PPP rates. An international dollar has the same purchasing power over GDP that a U.S. dollar has in the United States.","International Labour Organization, Key Indicators of the Labour Market database.",
"SL.IND.EMPL.FE.ZS","Employment in industry, female (% of female employment)","Employment is defined as persons of working age who were engaged in any activity to produce goods or provide services for pay or profit, whether at work during the reference period or not at work due to temporary absence from a job, or to working-time arrangement. The industry sector consists of mining and quarrying, manufacturing, construction, and public utilities (electricity, gas, and water), in accordance with divisions 2-5 (ISIC 2) or categories C-F (ISIC 3) or categories B-F (ISIC 4).","International Labour Organization, Key Indicators of the Labour Market database.",
"SL.IND.EMPL.MA.ZS","Employment in industry, male (% of male employment)","Employment is defined as persons of working age who were engaged in any activity to produce goods or provide services for pay or profit, whether at work during the reference period or not at work due to temporary absence from a job, or to working-time arrangement. The industry sector consists of mining and quarrying, manufacturing, construction, and public utilities (electricity, gas, and water), in accordance with divisions 2-5 (ISIC 2) or categories C-F (ISIC 3) or categories B-F (ISIC 4).","International Labour Organization, Key Indicators of the Labour Market database.",
"SL.IND.EMPL.ZS","Employment in industry (% of total employment)","Employment is defined as persons of working age who were engaged in any activity to produce goods or provide services for pay or profit, whether at work during the reference period or not at work due to temporary absence from a job, or to working-time arrangement. The industry sector consists of mining and quarrying, manufacturing, construction, and public utilities (electricity, gas, and water), in accordance with divisions 2-5 (ISIC 2) or categories C-F (ISIC 3) or categories B-F (ISIC 4).","International Labour Organization, Key Indicators of the Labour Market database.",
"SL.ISV.IFRM.FE.ZS","Informal employment, female (% of total non-agricultural employment)","Employment in the informal economy as a percentage of total non-agricultural employment. It basically includes all jobs in unregistered and/or small-scale private unincorporated enterprises that produce goods or services meant for sale or barter. Self-employed street vendors, taxi drivers and home-base workers, regardless of size, are all considered enterprises. However, agricultural and related activities, households producing goods exclusively for their own use (e.g. subsistence farming, domestic housework, care work, and employment of paid domestic workers), and volunteer services rendered to the community are excluded.","International Labour Organization, Key Indicators of the Labour Market database.",
"SL.ISV.IFRM.MA.ZS","Informal employment, male (% of total non-agricultural employment)","Employment in the informal economy as a percentage of total non-agricultural employment. It basically includes all jobs in unregistered and/or small-scale private unincorporated enterprises that produce goods or services meant for sale or barter. Self-employed street vendors, taxi drivers and home-base workers, regardless of size, are all considered enterprises. However, agricultural and related activities, households producing goods exclusively for their own use (e.g. subsistence farming, domestic housework, care work, and employment of paid domestic workers), and volunteer services rendered to the community are excluded.","International Labour Organization, Key Indicators of the Labour Market database.",
"SL.ISV.IFRM.ZS","Informal employment (% of total non-agricultural employment)","Employment in the informal economy as a percentage of total non-agricultural employment. It basically includes all jobs in unregistered and/or small-scale private unincorporated enterprises that produce goods or services meant for sale or barter. Self-employed street vendors, taxi drivers and home-base workers, regardless of size, are all considered enterprises. However, agricultural and related activities, households producing goods exclusively for their own use (e.g. subsistence farming, domestic housework, care work, and employment of paid domestic workers), and volunteer services rendered to the community are excluded.","International Labour Organization, Key Indicators of the Labour Market database.",
"SL.MNF.0714.FE.ZS","Child employment in manufacturing, female (% of female economically active children ages 7-14)","Employment by economic activity refers to the distribution of economically active children by the major industrial categories (ISIC revision 2 or revision 3). Manufacturing corresponds to division 3 (ISIC revision 2) or category D (ISIC revision 3). Economically active children refer to children involved in economic activity for at least one hour in the reference week of the survey.","Understanding Children's Work project based on data from ILO, UNICEF and the World Bank.",
"SL.MNF.0714.MA.ZS","Child employment in manufacturing, male (% of male economically active children ages 7-14)","Employment by economic activity refers to the distribution of economically active children by the major industrial categories (ISIC revision 2 or revision 3). Manufacturing corresponds to division 3 (ISIC revision 2) or category D (ISIC revision 3). Economically active children refer to children involved in economic activity for at least one hour in the reference week of the survey.","Understanding Children's Work project based on data from ILO, UNICEF and the World Bank.",
"SL.MNF.0714.ZS","Child employment in manufacturing (% of economically active children ages 7-14)","Employment by economic activity refers to the distribution of economically active children by the major industrial categories (ISIC revision 2 or revision 3). Manufacturing corresponds to division 3 (ISIC revision 2) or category D (ISIC revision 3). Economically active children refer to children involved in economic activity for at least one hour in the reference week of the survey.","Understanding Children's Work project based on data from ILO, UNICEF and the World Bank.",
"SL.SLF.0714.FE.ZS","Children in employment, self-employed, female (% of female children in employment, ages 7-14)","Self-employed workers are people whose remuneration depends directly on the profits derived from the goods and services they produce, with or without other employees, and include employers, own-account workers, and members of producers cooperatives.","Understanding Children's Work project based on data from ILO, UNICEF and the World Bank.",
"SL.SLF.0714.MA.ZS","Children in employment, self-employed, male (% of male children in employment, ages 7-14)","Self-employed workers are people whose remuneration depends directly on the profits derived from the goods and services they produce, with or without other employees, and include employers, own-account workers, and members of producers cooperatives.","Understanding Children's Work project based on data from ILO, UNICEF and the World Bank.",
"SL.SLF.0714.ZS","Children in employment, self-employed (% of children in employment, ages 7-14)","Self-employed workers are people whose remuneration depends directly on the profits derived from the goods and services they produce, with or without other employees, and include employers, own-account workers, and members of producers cooperatives.","Understanding Children's Work project based on data from ILO, UNICEF and the World Bank.",
"SL.SRV.0714.FE.ZS","Child employment in services, female (% of female economically active children ages 7-14)","Employment by economic activity refers to the distribution of economically active children by the major industrial categories (ISIC revision 2 or revision 3). Services correspond to divisions 6-9 (ISIC revision 2) or categories G-P (ISIC revision 3) and include wholesale and retail trade, hotels and restaurants, transport, financial intermediation, real estate, public administration, education, health and social work, other community services, and private household activity. Economically active children refer to children involved in economic activity for at least one hour in the reference week of the survey.","Understanding Children's Work project based on data from ILO, UNICEF and the World Bank.",
"SL.SRV.0714.MA.ZS","Child employment in services, male (% of male economically active children ages 7-14)","Employment by economic activity refers to the distribution of economically active children by the major industrial categories (ISIC revision 2 or revision 3). Services correspond to divisions 6-9 (ISIC revision 2) or categories G-P (ISIC revision 3) and include wholesale and retail trade, hotels and restaurants, transport, financial intermediation, real estate, public administration, education, health and social work, other community services, and private household activity. Economically active children refer to children involved in economic activity for at least one hour in the reference week of the survey.","Understanding Children's Work project based on data from ILO, UNICEF and the World Bank.",
"SL.SRV.0714.ZS","Child employment in services (% of economically active children ages 7-14)","Employment by economic activity refers to the distribution of economically active children by the major industrial categories (ISIC revision 2 or revision 3). Services correspond to divisions 6-9 (ISIC revision 2) or categories G-P (ISIC revision 3) and include wholesale and retail trade, hotels and restaurants, transport, financial intermediation, real estate, public administration, education, health and social work, other community services, and private household activity. Economically active children refer to children involved in economic activity for at least one hour in the reference week of the survey.","Understanding Children's Work project based on data from ILO, UNICEF and the World Bank.",
"SL.SRV.EMPL.FE.ZS","Employment in services, female (% of female employment)","Employment is defined as persons of working age who were engaged in any activity to produce goods or provide services for pay or profit, whether at work during the reference period or not at work due to temporary absence from a job, or to working-time arrangement. The services sector consists of wholesale and retail trade and restaurants and hotels; transport, storage, and communications; financing, insurance, real estate, and business services; and community, social, and personal services, in accordance with divisions 6-9 (ISIC 2) or categories G-Q (ISIC 3) or categories G-U (ISIC 4).","International Labour Organization, Key Indicators of the Labour Market database.",
"SL.SRV.EMPL.MA.ZS","Employment in services, male (% of male employment)","Employment is defined as persons of working age who were engaged in any activity to produce goods or provide services for pay or profit, whether at work during the reference period or not at work due to temporary absence from a job, or to working-time arrangement. The services sector consists of wholesale and retail trade and restaurants and hotels; transport, storage, and communications; financing, insurance, real estate, and business services; and community, social, and personal services, in accordance with divisions 6-9 (ISIC 2) or categories G-Q (ISIC 3) or categories G-U (ISIC 4).","International Labour Organization, Key Indicators of the Labour Market database.",
"SL.SRV.EMPL.ZS","Employment in services (% of total employment)","Employment is defined as persons of working age who were engaged in any activity to produce goods or provide services for pay or profit, whether at work during the reference period or not at work due to temporary absence from a job, or to working-time arrangement. The services sector consists of wholesale and retail trade and restaurants and hotels; transport, storage, and communications; financing, insurance, real estate, and business services; and community, social, and personal services, in accordance with divisions 6-9 (ISIC 2) or categories G-Q (ISIC 3) or categories G-U (ISIC 4).","International Labour Organization, Key Indicators of the Labour Market database.",
"SL.TLF.0714.SW.FE.TM","Average working hours of children, study and work, female, ages 7-14 (hours per week)","Average working hours of children studying and working refer to the average weekly working hours of those children who are attending school in combination with economic activity.","Understanding Children's Work project based on data from ILO, UNICEF and the World Bank.",
"SL.TLF.0714.SW.MA.TM","Average working hours of children, study and work, male, ages 7-14 (hours per week)","Average working hours of children studying and working refer to the average weekly working hours of those children who are attending school in combination with economic activity.","Understanding Children's Work project based on data from ILO, UNICEF and the World Bank.",
"SL.TLF.0714.SW.TM","Average working hours of children, study and work, ages 7-14 (hours per week)","Average working hours of children studying and working refer to the average weekly working hours of those children who are attending school in combination with economic activity.","Understanding Children's Work project based on data from ILO, UNICEF and the World Bank.",
"SL.TLF.0714.WK.FE.TM","Average working hours of children, working only, female, ages 7-14 (hours per week)","Average working hours of children working only refers to the average weekly working hours of those children who are involved in economic activity and not attending school.","Understanding Children's Work project based on data from ILO, UNICEF and the World Bank.",
"SL.TLF.0714.WK.MA.TM","Average working hours of children, working only, male, ages 7-14 (hours per week)","Average working hours of children working only refers to the average weekly working hours of those children who are involved in economic activity and not attending school.","Understanding Children's Work project based on data from ILO, UNICEF and the World Bank.",
"SL.TLF.0714.WK.TM","Average working hours of children, working only, ages 7-14 (hours per week)","Average working hours of children working only refers to the average weekly working hours of those children who are involved in economic activity and not attending school.","Understanding Children's Work project based on data from ILO, UNICEF and the World Bank.",
"SL.TLF.ACTI.1524.FE.NE.ZS","Labor force participation rate for ages 15-24, female (%) (national estimate)","Labor force participation rate for ages 15-24 is the proportion of the population ages 15-24 that is economically active: all people who supply labor for the production of goods and services during a specified period.","International Labour Organization, Key Indicators of the Labour Market database.",
"SL.TLF.ACTI.1524.FE.ZS","Labor force participation rate for ages 15-24, female (%) (modeled ILO estimate)","Labor force participation rate for ages 15-24 is the proportion of the population ages 15-24 that is economically active: all people who supply labor for the production of goods and services during a specified period.","International Labour Organization, Key Indicators of the Labour Market database.",
"SL.TLF.ACTI.1524.MA.NE.ZS","Labor force participation rate for ages 15-24, male (%) (national estimate)","Labor force participation rate for ages 15-24 is the proportion of the population ages 15-24 that is economically active: all people who supply labor for the production of goods and services during a specified period.","International Labour Organization, Key Indicators of the Labour Market database.",
"SL.TLF.ACTI.1524.MA.ZS","Labor force participation rate for ages 15-24, male (%) (modeled ILO estimate)","Labor force participation rate for ages 15-24 is the proportion of the population ages 15-24 that is economically active: all people who supply labor for the production of goods and services during a specified period.","International Labour Organization, Key Indicators of the Labour Market database.",
"SL.TLF.ACTI.1524.NE.ZS","Labor force participation rate for ages 15-24, total (%) (national estimate)","Labor force participation rate for ages 15-24 is the proportion of the population ages 15-24 that is economically active: all people who supply labor for the production of goods and services during a specified period.","International Labour Organization, Key Indicators of the Labour Market database.",
"SL.TLF.ACTI.1524.ZS","Labor force participation rate for ages 15-24, total (%) (modeled ILO estimate)","Labor force participation rate for ages 15-24 is the proportion of the population ages 15-24 that is economically active: all people who supply labor for the production of goods and services during a specified period.","International Labour Organization, Key Indicators of the Labour Market database.",
"SL.TLF.ACTI.FE.ZS","Labor force participation rate, female (% of female population ages 15-64) (modeled ILO estimate)","Labor force participation rate is the proportion of the population ages 15-64 that is economically active: all people who supply labor for the production of goods and services during a specified period.","International Labour Organization, Key Indicators of the Labour Market database.",
"SL.TLF.ACTI.MA.ZS","Labor force participation rate, male (% of male population ages 15-64) (modeled ILO estimate)","Labor force participation rate is the proportion of the population ages 15-64 that is economically active: all people who supply labor for the production of goods and services during a specified period.","International Labour Organization, Key Indicators of the Labour Market database.",
"SL.TLF.ACTI.ZS","Labor force participation rate, total (% of total population ages 15-64) (modeled ILO estimate)","Labor force participation rate is the proportion of the population ages 15-64 that is economically active: all people who supply labor for the production of goods and services during a specified period.","International Labour Organization, Key Indicators of the Labour Market database.",
"SL.TLF.CACT.FE.NE.ZS","Labor force participation rate, female (% of female population ages 15+) (national estimate)","Labor force participation rate is the proportion of the population ages 15 and older that is economically active: all people who supply labor for the production of goods and services during a specified period.","International Labour Organization, Key Indicators of the Labour Market database.",
"SL.TLF.CACT.FE.ZS","Labor force participation rate, female (% of female population ages 15+) (modeled ILO estimate)","Labor force participation rate is the proportion of the population ages 15 and older that is economically active: all people who supply labor for the production of goods and services during a specified period.","International Labour Organization, Key Indicators of the Labour Market database.",
"SL.TLF.CACT.FM.NE.ZS","Ratio of female to male labor force participation rate (%) (national estimate)","Labor force participation rate is the proportion of the population ages 15 and older that is economically active: all people who supply labor for the production of goods and services during a specified period.","International Labour Organization, Key Indicators of the Labour Market database.",
"SL.TLF.CACT.FM.ZS","Ratio of female to male labor force participation rate (%) (modeled ILO estimate)","Labor force participation rate is the proportion of the population ages 15 and older that is economically active: all people who supply labor for the production of goods and services during a specified period.","International Labour Organization, Key Indicators of the Labour Market database.",
"SL.TLF.CACT.MA.NE.ZS","Labor force participation rate, male (% of male population ages 15+) (national estimate)","Labor force participation rate is the proportion of the population ages 15 and older that is economically active: all people who supply labor for the production of goods and services during a specified period.","International Labour Organization, Key Indicators of the Labour Market database.",
"SL.TLF.CACT.MA.ZS","Labor force participation rate, male (% of male population ages 15+) (modeled ILO estimate)","Labor force participation rate is the proportion of the population ages 15 and older that is economically active: all people who supply labor for the production of goods and services during a specified period.","International Labour Organization, Key Indicators of the Labour Market database.",
"SL.TLF.CACT.NE.ZS","Labor force participation rate, total (% of total population ages 15+) (national estimate)","Labor force participation rate is the proportion of the population ages 15 and older that is economically active: all people who supply labor for the production of goods and services during a specified period.","International Labour Organization, Key Indicators of the Labour Market database.",
"SL.TLF.CACT.ZS","Labor force participation rate, total (% of total population ages 15+) (modeled ILO estimate)","Labor force participation rate is the proportion of the population ages 15 and older that is economically active: all people who supply labor for the production of goods and services during a specified period.","International Labour Organization, Key Indicators of the Labour Market database.",
"SL.TLF.PART.FE.ZS","Part time employment, female (% of total female employment)","Part time employment refers to regular employment in which working time is substantially less than normal. Definitions of part time employment differ by country.","International Labour Organization, Key Indicators of the Labour Market database.",
"SL.TLF.PART.MA.ZS","Part time employment, male (% of total male employment)","Part time employment refers to regular employment in which working time is substantially less than normal. Definitions of part time employment differ by country.","International Labour Organization, Key Indicators of the Labour Market database.",
"SL.TLF.PART.TL.FE.ZS","Part time employment, female (% of total part time employment)","Part time employment refers to regular employment in which working time is substantially less than normal. Definitions of part time employment differ by country.","International Labour Organization, Key Indicators of the Labour Market database.",
"SL.TLF.PART.ZS","Part time employment, total (% of total employment)","Part time employment refers to regular employment in which working time is substantially less than normal. Definitions of part time employment differ by country.","International Labour Organization, Key Indicators of the Labour Market database.",
"SL.TLF.PRIM.FE.ZS","Labor force with primary education, female (% of female labor force)","Female labor force with primary education is the share of the female labor force that attained or completed primary education as the highest level of education.","International Labour Organization, Key Indicators of the Labour Market database.",
"SL.TLF.PRIM.MA.ZS","Labor force with primary education, male (% of male labor force)","Male labor force with primary education is the share of the male labor force that attained or completed primary education as the highest level of education.","International Labour Organization, Key Indicators of the Labour Market database.",
"SL.TLF.PRIM.ZS","Labor force with primary education (% of total)","Labor force with primary education is the share of the total labor force that attained or completed primary education as the highest level of education.","International Labour Organization, Key Indicators of the Labour Market database.",
"SL.TLF.SECO.FE.ZS","Labor force with secondary education, female (% of female labor force)","Female labor force with secondary education is the share of the female labor force that attained or completed secondary education as the highest level of education.","International Labour Organization, Key Indicators of the Labour Market database.",
"SL.TLF.SECO.MA.ZS","Labor force with secondary education, male (% of male labor force)","Male labor force with secondary education is the share of the male labor force that attained or completed secondary education as the highest level of education.","International Labour Organization, Key Indicators of the Labour Market database.",
"SL.TLF.SECO.ZS","Labor force with secondary education (% of total)","Labor force with secondary education is the share of the total labor force that attained or completed secondary education as the highest level of education.","International Labour Organization, Key Indicators of the Labour Market database.",
"SL.TLF.TERT.FE.ZS","Labor force with tertiary education, female (% of female labor force)","Female labor force with tertiary education is the share of the female labor force that attained or completed tertiary education as the highest level of education.","International Labour Organization, Key Indicators of the Labour Market database.",
"SL.TLF.TERT.MA.ZS","Labor force with tertiary education, male (% of male labor force)","Male labor force with tertiary education is the share of the male labor force that attained or completed tertiary education as the highest level of education.","International Labour Organization, Key Indicators of the Labour Market database.",
"SL.TLF.TERT.ZS","Labor force with tertiary education (% of total)","Labor force with tertiary education is the share of the total labor force that attained or completed tertiary education as the highest level of education.","International Labour Organization, Key Indicators of the Labour Market database.",
"SL.TLF.TOTL.FE.ZS","Labor force, female (% of total labor force)","Female labor force as a percentage of the total show the extent to which women are active in the labor force. Labor force comprises people ages 15 and older who meet the International Labour Organization's definition of the economically active population.","International Labour Organization, using World Bank population estimates.",
"SL.TLF.TOTL.IN","Labor force, total","Total labor force comprises people ages 15 and older who meet the International Labour Organization definition of the economically active population: all people who supply labor for the production of goods and services during a specified period. It includes both the employed and the unemployed. While national practices vary in the treatment of such groups as the armed forces and seasonal or part-time workers, in general the labor force includes the armed forces, the unemployed, and first-time job-seekers, but excludes homemakers and other unpaid caregivers and workers in the informal sector.","International Labour Organization, using World Bank population estimates.",
"SL.UEM.1524.FE.NE.ZS","Unemployment, youth female (% of female labor force ages 15-24) (national estimate)","Youth unemployment refers to the share of the labor force ages 15-24 without work but available for and seeking employment. Definitions of labor force and unemployment differ by country.","International Labour Organization, Key Indicators of the Labour Market database.",
"SL.UEM.1524.FE.ZS","Unemployment, youth female (% of female labor force ages 15-24) (modeled ILO estimate)","Youth unemployment refers to the share of the labor force ages 15-24 without work but available for and seeking employment.","International Labour Organization, Key Indicators of the Labour Market database.",
"SL.UEM.1524.MA.NE.ZS","Unemployment, youth male (% of male labor force ages 15-24) (national estimate)","Youth unemployment refers to the share of the labor force ages 15-24 without work but available for and seeking employment. Definitions of labor force and unemployment differ by country.","International Labour Organization, Key Indicators of the Labour Market database.",
"SL.UEM.1524.MA.ZS","Unemployment, youth male (% of male labor force ages 15-24) (modeled ILO estimate)","Youth unemployment refers to the share of the labor force ages 15-24 without work but available for and seeking employment.","International Labour Organization, Key Indicators of the Labour Market database.",
"SL.UEM.1524.NE.ZS","Unemployment, youth total (% of total labor force ages 15-24) (national estimate)","Youth unemployment refers to the share of the labor force ages 15-24 without work but available for and seeking employment. Definitions of labor force and unemployment differ by country.","International Labour Organization, Key Indicators of the Labour Market database.",
"SL.UEM.1524.ZS","Unemployment, youth total (% of total labor force ages 15-24) (modeled ILO estimate)","Youth unemployment refers to the share of the labor force ages 15-24 without work but available for and seeking employment.","International Labour Organization, Key Indicators of the Labour Market database.",
"SL.UEM.LTRM.FE.ZS","Long-term unemployment, female (% of female unemployment)","Long-term unemployment refers to the number of people with continuous periods of unemployment extending for a year or longer, expressed as a percentage of the total unemployed.","International Labour Organization, Key Indicators of the Labour Market database.",
"SL.UEM.LTRM.MA.ZS","Long-term unemployment, male (% of male unemployment)","Long-term unemployment refers to the number of people with continuous periods of unemployment extending for a year or longer, expressed as a percentage of the total unemployed.","International Labour Organization, Key Indicators of the Labour Market database.",
"SL.UEM.LTRM.ZS","Long-term unemployment (% of total unemployment)","Long-term unemployment refers to the number of people with continuous periods of unemployment extending for a year or longer, expressed as a percentage of the total unemployed.","International Labour Organization, Key Indicators of the Labour Market database.",
"SL.UEM.NEET.FE.ZS","Share of youth not in education, employment, or training, female (% of female youth population)","Share of youth not in education, employment or training (NEET) is the proportion of young people who are not in education, employment, or training  to the population of the corresponding age group: youth (ages 15 to 24); persons ages 15 to 29; or both age groups.","International Labour Organization, Key Indicators of the Labour Market database.",
"SL.UEM.NEET.MA.ZS","Share of youth not in education, employment, or training, male (% of male youth population)","Share of youth not in education, employment or training (NEET) is the proportion of young people who are not in education, employment, or training  to the population of the corresponding age group: youth (ages 15 to 24); persons ages 15 to 29; or both age groups.","International Labour Organization, Key Indicators of the Labour Market database.",
"SL.UEM.NEET.ZS","Share of youth not in education, employment, or training, total (% of youth population)","Share of youth not in education, employment or training (NEET) is the proportion of young people who are not in education, employment, or training  to the population of the corresponding age group: youth (ages 15 to 24); persons ages 15 to 29; or both age groups.","International Labour Organization, Key Indicators of the Labour Market database.",
"SL.UEM.PRIM.FE.ZS","Unemployment with primary education, female (% of female unemployment)","Female unemployment with primary education is the share of the female unemployed who attained or completed primary education as the highest level.","International Labour Organization, Key Indicators of the Labour Market database.",
"SL.UEM.PRIM.MA.ZS","Unemployment with primary education, male (% of male unemployment)","Male unemployment with primary education is the share of the male unemployed who attained or completed primary education as the highest level.","International Labour Organization, Key Indicators of the Labour Market database.",
"SL.UEM.PRIM.ZS","Unemployment with primary education (% of total unemployment)","Unemployment with primary education is the share of the total unemployed who attained or completed primary education as the highest level.","International Labour Organization, Key Indicators of the Labour Market database.",
"SL.UEM.SECO.FE.ZS","Unemployment with secondary education, female (% of female unemployment)","Female unemployment with secondary education is the share of the female unemployed who attained or completed secondary education as the highest level.","International Labour Organization, Key Indicators of the Labour Market database.",
"SL.UEM.SECO.MA.ZS","Unemployment with secondary education, male (% of male unemployment)","Male unemployment with secondary education is the share of the male unemployed who attained or completed secondary education as the highest level.","International Labour Organization, Key Indicators of the Labour Market database.",
"SL.UEM.SECO.ZS","Unemployment with secondary education (% of total unemployment)","Unemployment with secondary education is the share of the total unemployed who attained or completed secondary education as the highest level.","International Labour Organization, Key Indicators of the Labour Market database.",
"SL.UEM.TERT.FE.ZS","Unemployment with tertiary education, female (% of female unemployment)","Female unemployment with tertiary education is the share of the female unemployed who attained or completed tertiary education as the highest level.","International Labour Organization, Key Indicators of the Labour Market database.",
"SL.UEM.TERT.MA.ZS","Unemployment with tertiary education, male (% of male unemployment)","Male unemployment with tertiary education is the share of the male unemployed who attained or completed tertiary education as the highest level.","International Labour Organization, Key Indicators of the Labour Market database.",
"SL.UEM.TERT.ZS","Unemployment with tertiary education (% of total unemployment)","Unemployment with tertiary education is the share of the total unemployed who attained or completed tertiary education as the highest level.","International Labour Organization, Key Indicators of the Labour Market database.",
"SL.UEM.TOTL.FE.NE.ZS","Unemployment, female (% of female labor force) (national estimate)","Unemployment refers to the share of the labor force that is without work but available for and seeking employment. Definitions of labor force and unemployment differ by country.","International Labour Organization, Key Indicators of the Labour Market database.",
"SL.UEM.TOTL.FE.ZS","Unemployment, female (% of female labor force)","Unemployment refers to the share of the labor force that is without work but available for and seeking employment.","International Labour Organization, Key Indicators of the Labour Market database.",
"SL.UEM.TOTL.MA.NE.ZS","Unemployment, male (% of male labor force) (national estimate)","Unemployment refers to the share of the labor force that is without work but available for and seeking employment. Definitions of labor force and unemployment differ by country.","International Labour Organization, Key Indicators of the Labour Market database.",
"SL.UEM.TOTL.MA.ZS","Unemployment, male (% of male labor force)","Unemployment refers to the share of the labor force that is without work but available for and seeking employment.","International Labour Organization, Key Indicators of the Labour Market database.",
"SL.UEM.TOTL.NE.ZS","Unemployment, total (% of total labor force) (national estimate)","Unemployment refers to the share of the labor force that is without work but available for and seeking employment. Definitions of labor force and unemployment differ by country.","International Labour Organization, Key Indicators of the Labour Market database.",
"SL.UEM.TOTL.ZS","Unemployment, total (% of total labor force)","Unemployment refers to the share of the labor force that is without work but available for and seeking employment.","International Labour Organization, Key Indicators of the Labour Market database.",
"SL.WAG.0714.FE.ZS","Children in employment, wage workers, female (% of female children in employment, ages 7-14)","Wage workers (also known as employees) are people who hold explicit (written or oral) or implicit employment contracts that provide basic remuneration that does not depend directly on the revenue of the unit for which they work.","Understanding Children's Work project based on data from ILO, UNICEF and the World Bank.",
"SL.WAG.0714.MA.ZS","Children in employment, wage workers, male (% of male children in employment, ages 7-14)","Wage workers (also known as employees) are people who hold explicit (written or oral) or implicit employment contracts that provide basic remuneration that does not depend directly on the revenue of the unit for which they work.","Understanding Children's Work project based on data from ILO, UNICEF and the World Bank.",
"SL.WAG.0714.ZS","Children in employment, wage workers (% of children in employment, ages 7-14)","Wage workers (also known as employees) are people who hold explicit (written or oral) or implicit employment contracts that provide basic remuneration that does not depend directly on the revenue of the unit for which they work.","Understanding Children's Work project based on data from ILO, UNICEF and the World Bank.",
