﻿"INDICATOR_CODE","INDICATOR_NAME","SOURCE_NOTE","SOURCE_ORGANIZATION",
"AG.LND.AGRI.K2","Agricultural land (sq. km)","Agricultural land refers to the share of land area that is arable, under permanent crops, and under permanent pastures. Arable land includes land defined by the FAO as land under temporary crops (double-cropped areas are counted once), temporary meadows for mowing or for pasture, land under market or kitchen gardens, and land temporarily fallow. Land abandoned as a result of shifting cultivation is excluded. Land under permanent crops is land cultivated with crops that occupy the land for long periods and need not be replanted after each harvest, such as cocoa, coffee, and rubber. This category includes land under flowering shrubs, fruit trees, nut trees, and vines, but excludes land under trees grown for wood or timber. Permanent pasture is land used for five or more years for forage, including natural and cultivated crops.","Food and Agriculture Organization, electronic files and web site.",
"AG.LND.AGRI.ZS","Agricultural land (% of land area)","Agricultural land refers to the share of land area that is arable, under permanent crops, and under permanent pastures. Arable land includes land defined by the FAO as land under temporary crops (double-cropped areas are counted once), temporary meadows for mowing or for pasture, land under market or kitchen gardens, and land temporarily fallow. Land abandoned as a result of shifting cultivation is excluded. Land under permanent crops is land cultivated with crops that occupy the land for long periods and need not be replanted after each harvest, such as cocoa, coffee, and rubber. This category includes land under flowering shrubs, fruit trees, nut trees, and vines, but excludes land under trees grown for wood or timber. Permanent pasture is land used for five or more years for forage, including natural and cultivated crops.","Food and Agriculture Organization, electronic files and web site.",
"AG.LND.EL5M.ZS","Land area where elevation is below 5 meters (% of total land area)","Land area below 5m is the percentage of total land where the elevation is 5 meters or less.","Center for International Earth Science Information Network (CIESIN)/Columbia University. 2013. Urban-Rural Population and Land Area Estimates Version 2. Palisades, NY: NASA Socioeconomic Data and Applications Center (SEDAC). http://sedac.ciesin.columbia.edu/data/set/lecz-urban-rural-population-land-area-estimates-v2.",
"AG.LND.FRST.K2","Forest area (sq. km)","Forest area is land under natural or planted stands of trees of at least 5 meters in situ, whether productive or not, and excludes tree stands in agricultural production systems (for example, in fruit plantations and agroforestry systems) and trees in urban parks and gardens.","Food and Agriculture Organization, electronic files and web site.",
"AG.LND.FRST.ZS","Forest area (% of land area)","Forest area is land under natural or planted stands of trees of at least 5 meters in situ, whether productive or not, and excludes tree stands in agricultural production systems (for example, in fruit plantations and agroforestry systems) and trees in urban parks and gardens.","Food and Agriculture Organization, electronic files and web site.",
"AG.LND.IRIG.AG.ZS","Agricultural irrigated land (% of total agricultural land)","Agricultural irrigated land refers to agricultural areas purposely provided with water, including land irrigated by controlled flooding.","Food and Agriculture Organization, electronic files and web site.",
"AG.YLD.CREL.KG","Cereal yield (kg per hectare)","Cereal yield, measured as kilograms per hectare of harvested land, includes wheat, rice, maize, barley, oats, rye, millet, sorghum, buckwheat, and mixed grains. Production data on cereals relate to crops harvested for dry grain only. Cereal crops harvested for hay or harvested green for food, feed, or silage and those used for grazing are excluded. The FAO allocates production data to the calendar year in which the bulk of the harvest took place. Most of a crop harvested near the end of a year will be used in the following year.","Food and Agriculture Organization, electronic files and web site.",
"BX.KLT.DINV.CD.WD","Foreign direct investment, net inflows (BoP, current US$)","Foreign direct investment refers to direct investment equity flows in the reporting economy. It is the sum of equity capital, reinvestment of earnings, and other capital. Direct investment is a category of cross-border investment associated with a resident in one economy having control or a significant degree of influence on the management of an enterprise that is resident in another economy. Ownership of 10 percent or more of the ordinary shares of voting stock is the criterion for determining the existence of a direct investment relationship. Data are in current U.S. dollars.","International Monetary Fund, Balance of Payments database, supplemented by data from the United Nations Conference on Trade and Development and official national sources.",
"BX.KLT.DINV.WD.GD.ZS","Foreign direct investment, net inflows (% of GDP)","Foreign direct investment are the net inflows of investment to acquire a lasting management interest (10 percent or more of voting stock) in an enterprise operating in an economy other than that of the investor. It is the sum of equity capital, reinvestment of earnings, other long-term capital, and short-term capital as shown in the balance of payments. This series shows net inflows (new investment inflows less disinvestment) in the reporting economy from foreign investors, and is divided by GDP.","International Monetary Fund, International Financial Statistics and Balance of Payments databases, World Bank, International Debt Statistics, and World Bank and OECD GDP estimates.",
"EG.ELC.ACCS.ZS","Access to electricity (% of population)","Access to electricity is the percentage of population with access to electricity. Electrification data are collected from industry, national surveys and international sources.","World Bank, Sustainable Energy for All (SE4ALL) database from World Bank, Global Electrification database.",
"EG.ELC.COAL.ZS","Electricity production from coal sources (% of total)","Sources of electricity refer to the inputs used to generate electricity. Coal refers to all coal and brown coal, both primary (including hard coal and lignite-brown coal) and derived fuels (including patent fuel, coke oven coke, gas coke, coke oven gas, and blast furnace gas). Peat is also included in this category.","IEA Statistics © OECD/IEA 2014 (http://www.iea.org/stats/index.asp), subject to https://www.iea.org/t&c/termsandconditions/",
"EG.ELC.HYRO.ZS","Electricity production from hydroelectric sources (% of total)","Sources of electricity refer to the inputs used to generate electricity. Hydropower refers to electricity produced by hydroelectric power plants.","IEA Statistics © OECD/IEA 2014 (http://www.iea.org/stats/index.asp), subject to https://www.iea.org/t&c/termsandconditions/",
"EG.ELC.NGAS.ZS","Electricity production from natural gas sources (% of total)","Sources of electricity refer to the inputs used to generate electricity. Gas refers to natural gas but excludes natural gas liquids.","IEA Statistics © OECD/IEA 2014 (http://www.iea.org/stats/index.asp), subject to https://www.iea.org/t&c/termsandconditions/",
"EG.ELC.NUCL.ZS","Electricity production from nuclear sources (% of total)","Sources of electricity refer to the inputs used to generate electricity. Nuclear power refers to electricity produced by nuclear power plants.","IEA Statistics © OECD/IEA 2014 (http://www.iea.org/stats/index.asp), subject to https://www.iea.org/t&c/termsandconditions/",
"EG.ELC.PETR.ZS","Electricity production from oil sources (% of total)","Sources of electricity refer to the inputs used to generate electricity. Oil refers to crude oil and petroleum products.","IEA Statistics © OECD/IEA 2014 (http://www.iea.org/stats/index.asp), subject to https://www.iea.org/t&c/termsandconditions/",
"EG.ELC.RNWX.KH","Electricity production from renewable sources, excluding hydroelectric (kWh)","Electricity production from renewable sources, excluding hydroelectric, includes geothermal, solar, tides, wind, biomass, and biofuels.
","IEA Statistics © OECD/IEA 2014 (http://www.iea.org/stats/index.asp), subject to https://www.iea.org/t&c/termsandconditions/",
"EG.ELC.RNWX.ZS","Electricity production from renewable sources, excluding hydroelectric (% of total)","Electricity production from renewable sources, excluding hydroelectric, includes geothermal, solar, tides, wind, biomass, and biofuels.
","IEA Statistics © OECD/IEA 2014 (http://www.iea.org/stats/index.asp), subject to https://www.iea.org/t&c/termsandconditions/",
"EG.USE.COMM.GD.PP.KD","Energy use (kg of oil equivalent) per $1,000 GDP (constant 2011 PPP)","Energy use per PPP GDP is the kilogram of oil equivalent of energy use per constant PPP GDP. Energy use refers to use of primary energy before transformation to other end-use fuels, which is equal to indigenous production plus imports and stock changes, minus exports and fuels supplied to ships and aircraft engaged in international transport. PPP GDP is gross domestic product converted to 2011 constant international dollars using purchasing power parity rates. An international dollar has the same purchasing power over GDP as a U.S. dollar has in the United States.","IEA Statistics © OECD/IEA 2014 (http://www.iea.org/stats/index.asp), subject to https://www.iea.org/t&c/termsandconditions/",
"EG.USE.ELEC.KH.PC","Electric power consumption (kWh per capita)","Electric power consumption measures the production of power plants and combined heat and power plants less transmission, distribution, and transformation losses and own use by heat and power plants.","IEA Statistics © OECD/IEA 2014 (http://www.iea.org/stats/index.asp), subject to https://www.iea.org/t&c/termsandconditions/",
"EG.USE.PCAP.KG.OE","Energy use (kg of oil equivalent per capita)","Energy use refers to use of primary energy before transformation to other end-use fuels, which is equal to indigenous production plus imports and stock changes, minus exports and fuels supplied to ships and aircraft engaged in international transport.","IEA Statistics © OECD/IEA 2014 (http://www.iea.org/stats/index.asp), subject to https://www.iea.org/t&c/termsandconditions/",
"EN.ATM.CO2E.GF.KT","CO2 emissions from gaseous fuel consumption (kt) ","Carbon dioxide emissions from liquid fuel consumption refer mainly to emissions from use of natural gas as an energy source.","Carbon Dioxide Information Analysis Center, Environmental Sciences Division, Oak Ridge National Laboratory, Tennessee, United States.",
"EN.ATM.CO2E.GF.ZS","CO2 emissions from gaseous fuel consumption (% of total) ","Carbon dioxide emissions from liquid fuel consumption refer mainly to emissions from use of natural gas as an energy source.","Carbon Dioxide Information Analysis Center, Environmental Sciences Division, Oak Ridge National Laboratory, Tennessee, United States.",
"EN.ATM.CO2E.KT","CO2 emissions (kt)","Carbon dioxide emissions are those stemming from the burning of fossil fuels and the manufacture of cement. They include carbon dioxide produced during consumption of solid, liquid, and gas fuels and gas flaring.","Carbon Dioxide Information Analysis Center, Environmental Sciences Division, Oak Ridge National Laboratory, Tennessee, United States.",
"EN.ATM.CO2E.LF.KT","CO2 emissions from liquid fuel consumption (kt) ","Carbon dioxide emissions from liquid fuel consumption refer mainly to emissions from use of petroleum-derived fuels as an energy source.","Carbon Dioxide Information Analysis Center, Environmental Sciences Division, Oak Ridge National Laboratory, Tennessee, United States.",
"EN.ATM.CO2E.LF.ZS","CO2 emissions from liquid fuel consumption (% of total) ","Carbon dioxide emissions from liquid fuel consumption refer mainly to emissions from use of petroleum-derived fuels as an energy source.","Carbon Dioxide Information Analysis Center, Environmental Sciences Division, Oak Ridge National Laboratory, Tennessee, United States.",
"EN.ATM.CO2E.PC","CO2 emissions (metric tons per capita)","Carbon dioxide emissions are those stemming from the burning of fossil fuels and the manufacture of cement. They include carbon dioxide produced during consumption of solid, liquid, and gas fuels and gas flaring.","Carbon Dioxide Information Analysis Center, Environmental Sciences Division, Oak Ridge National Laboratory, Tennessee, United States.",
"EN.ATM.CO2E.PP.GD.KD","CO2 emissions (kg per 2011 PPP $ of GDP)","Carbon dioxide emissions are those stemming from the burning of fossil fuels and the manufacture of cement. They include carbon dioxide produced during consumption of solid, liquid, and gas fuels and gas flaring.","Carbon Dioxide Information Analysis Center, Environmental Sciences Division, Oak Ridge National Laboratory, Tennessee, United States.",
"EN.ATM.CO2E.SF.KT","CO2 emissions from solid fuel consumption (kt) ","Carbon dioxide emissions from solid fuel consumption refer mainly to emissions from use of coal as an energy source.","Carbon Dioxide Information Analysis Center, Environmental Sciences Division, Oak Ridge National Laboratory, Tennessee, United States.",
"EN.ATM.CO2E.SF.ZS","CO2 emissions from solid fuel consumption (% of total)","Carbon dioxide emissions from solid fuel consumption refer mainly to emissions from use of coal as an energy source.","Carbon Dioxide Information Analysis Center, Environmental Sciences Division, Oak Ridge National Laboratory, Tennessee, United States.",
"EN.ATM.GHGO.KT.CE","Other greenhouse gas emissions, HFC, PFC and SF6 (thousand metric tons of CO2 equivalent)","Other greenhouse gas emissions are by-product emissions of hydrofluorocarbons, perfluorocarbons, and sulfur hexafluoride.","World Bank staff estimates from original source: European Commission, Joint Research Centre (JRC)/Netherlands Environmental Assessment Agency (PBL). Emission Database for Global Atmospheric Research (EDGAR): http://edgar.jrc.ec.europa.eu/.",
"EN.ATM.METH.KT.CE","Methane emissions (kt of CO2 equivalent)","Methane emissions are those stemming from human activities such as agriculture and from industrial methane production.","European Commission, Joint Research Centre (JRC)/Netherlands Environmental Assessment Agency (PBL). Emission Database for Global Atmospheric Research (EDGAR): http://edgar.jrc.ec.europa.eu/",
"EN.ATM.NOXE.KT.CE","Nitrous oxide emissions (thousand metric tons of CO2 equivalent)","Nitrous oxide emissions are emissions from agricultural biomass burning, industrial activities, and livestock management.","European Commission, Joint Research Centre (JRC)/Netherlands Environmental Assessment Agency (PBL). Emission Database for Global Atmospheric Research (EDGAR): http://edgar.jrc.ec.europa.eu/",
"EN.CLC.DRSK.XQ","Disaster risk reduction progress score (1-5 scale; 5=best)","Disaster risk reduction progress score is an average of self-assessment scores, ranging from 1 to 5, submitted by countries under Priority 1 of the Hyogo Framework National Progress Reports.  The Hyogo Framework is a global blueprint for disaster risk reduction efforts that was adopted by 168 countries in 2005.  Assessments of ""Priority 1"" include four indicators that reflect the degree to which countries have prioritized disaster risk reduction and the strengthening of relevant institutions.","(UNISDR, 2009-2011 Progress Reports, http://www.preventionweb.net/english/hyogo).",
"EN.CLC.GHGR.MT.CE","GHG net emissions/removals by LUCF (Mt of CO2 equivalent)","GHG net emissions/removals by LUCF refers to changes in atmospheric levels of all greenhouse gases attributable to forest and land-use change activities, including but not limited to (1) emissions and removals of CO2 from decreases or increases in biomass stocks due to forest management, logging, fuelwood collection, etc.; (2) conversion of existing forests and natural grasslands to other land uses; (3) removal of CO2 from the abandonment of formerly managed lands (e.g. croplands and pastures); and (4) emissions and removals of CO2 in soil associated with land-use change and management. For Annex-I countries under the UNFCCC, these data are drawn from the annual GHG inventories submitted to the UNFCCC by each country; for non-Annex-I countries, data are drawn from the most recently submitted National Communication where available.  Because of differences in reporting years and methodologies, these data are not generally considered comparable across countries. Data are in million metric tons.","United Nations Framework Convention on Climate Change.",
"EN.CLC.MDAT.ZS","Droughts, floods, extreme temperatures (% of population, average 1990-2009)","Droughts, floods and extreme temperatures is the annual average percentage of the population that is affected by natural disasters classified as either droughts, floods, or extreme temperature events.  A drought is an extended period of time characterized by a deficiency in a region's water supply that is the result of constantly below average precipitation. A drought can lead to losses to agriculture, affect inland navigation and hydropower plants, and cause a lack of drinking water and famine. A flood is a significant rise of water level in a stream, lake, reservoir or coastal region. Extreme temperature events are either cold waves or heat waves. A cold wave can be both a prolonged period of excessively cold weather and the sudden invasion of very cold air over a large area. Along with frost it can cause damage to agriculture, infrastructure, and property.  A heat wave is a prolonged period of excessively hot and sometimes also humid weather relative to normal climate patterns of a certain region. Population affected is the number of people injured, left homeless or requiring immediate assistance during a period of emergency resulting from a natural disaster; it can also include displaced or evacuated people. Average percentage of population affected is calculated by dividing the sum of total affected for the period stated by the sum of the annual population figures for the period stated.","EM-DAT: The OFDA/CRED International Disaster Database: www.emdat.be, Université Catholique de Louvain, Brussels (Belgium), World Bank.",
"EN.POP.EL5M.ZS","Population living in areas where elevation is below 5 meters (% of total population)","Population below 5m is the percentage of the total population living in areas where the elevation is 5 meters or less.","Center for International Earth Science Information Network (CIESIN)/Columbia University. 2013. Urban-Rural Population and Land Area Estimates Version 2. Palisades, NY: NASA Socioeconomic Data and Applications Center (SEDAC). http://sedac.ciesin.columbia.edu/data/set/lecz-urban-rural-population-land-area-estimates-v2.",
"EN.URB.MCTY.TL.ZS","Population in urban agglomerations of more than 1 million (% of total population)","Population in urban agglomerations of more than one million is the percentage of a country's population living in metropolitan areas that in 2000 had a population of more than one million people.","United Nations, World Urbanization Prospects.",
"ER.H2O.FWTL.K3","Annual freshwater withdrawals, total (billion cubic meters)","Annual freshwater withdrawals refer to total water withdrawals, not counting evaporation losses from storage basins. Withdrawals also include water from desalination plants in countries where they are a significant source. Withdrawals can exceed 100 percent of total renewable resources where extraction from nonrenewable aquifers or desalination plants is considerable or where there is significant water reuse. Withdrawals for agriculture and industry are total withdrawals for irrigation and livestock production and for direct industrial use (including withdrawals for cooling thermoelectric plants). Withdrawals for domestic uses include drinking water, municipal use or supply, and use for public services, commercial establishments, and homes. Data are for the most recent year available for 1987-2002.","Food and Agriculture Organization, AQUASTAT data.",
"ER.H2O.FWTL.ZS","Annual freshwater withdrawals, total (% of internal resources)","Annual freshwater withdrawals refer to total water withdrawals, not counting evaporation losses from storage basins. Withdrawals also include water from desalination plants in countries where they are a significant source. Withdrawals can exceed 100 percent of total renewable resources where extraction from nonrenewable aquifers or desalination plants is considerable or where there is significant water reuse. Withdrawals for agriculture and industry are total withdrawals for irrigation and livestock production and for direct industrial use (including withdrawals for cooling thermoelectric plants). Withdrawals for domestic uses include drinking water, municipal use or supply, and use for public services, commercial establishments, and homes. Data are for the most recent year available for 1987-2002.","Food and Agriculture Organization, AQUASTAT data.",
"ER.LND.PTLD.ZS","Terrestrial protected areas (% of total land area)","Terrestrial protected areas are totally or partially protected areas of at least 1,000 hectares that are designated by national authorities as scientific reserves with limited public access, national parks, natural monuments, nature reserves or wildlife sanctuaries, protected landscapes, and areas managed mainly for sustainable use. Marine areas, unclassified areas, littoral (intertidal) areas, and sites protected under local or provincial law are excluded.","United Nations Environmental Program and the World Conservation Monitoring Centre, as compiled by the World Resources Institute, based on data from national authorities, national legislation and international agreements.",
"IC.BUS.EASE.XQ","Ease of doing business index (1=most business-friendly regulations)","Ease of doing business ranks economies from 1 to 189, with first place being the best. A high ranking (a low numerical rank) means that the regulatory environment is conducive to business operation. The index averages the country's percentile rankings on 10 topics covered in the World Bank's Doing Business. The ranking on each topic is the simple average of the percentile rankings on its component indicators.","World Bank, Doing Business project (http://www.doingbusiness.org/).",
"IE.PPI.ENGY.CD","Investment in energy with private participation (current US$)","Investment in energy projects with private participation covers infrastructure projects in energy (electricity and natural gas transmission and distribution) that have reached financial closure and directly or indirectly serve the public. Movable assets and small projects such as windmills are excluded. The types of projects included are operations and management contracts, operations and management contracts with major capital expenditure, greenfield projects (in which a private entity or a public-private joint venture builds and operates a new facility), and divestitures. Investment commitments are the sum of investments in facilities and investments in government assets. Investments in facilities are the resources the project company commits to invest during the contract period either in new facilities or in expansion and modernization of existing facilities. Investments in government assets are the resources the project company spends on acquiring government assets such as state-owned enterprises, rights to provide services in a specific area, or the use of specific radio spectrums. Data are in current U.S. dollars.","World Bank, Private Participation in Infrastructure Project Database (http://ppi.worldbank.org).",
"IE.PPI.TELE.CD","Investment in telecoms with private participation (current US$)","Investment in telecom projects with private participation covers infrastructure projects in telecommunications that have reached financial closure and directly or indirectly serve the public. Movable assets and small projects are excluded. The types of projects included are operations and management contracts, operations and management contracts with major capital expenditure, greenfield projects (in which a private entity or a public-private joint venture builds and operates a new facility), and divestitures. Investment commitments are the sum of investments in facilities and investments in government assets. Investments in facilities are the resources the project company commits to invest during the contract period either in new facilities or in expansion and modernization of existing facilities. Investments in government assets are the resources the project company spends on acquiring government assets such as state-owned enterprises, rights to provide services in a specific area, or the use of specific radio spectrums. Data are in current U.S. dollars.","World Bank, Private Participation in Infrastructure Project Database (http://ppi.worldbank.org).",
"IE.PPI.TRAN.CD","Investment in transport with private participation (current US$)","Investment in transport projects with private participation covers infrastructure projects in transport that have reached financial closure and directly or indirectly serve the public. Movable assets and small projects are excluded. The types of projects included are operations and management contracts, operations and management contracts with major capital expenditure, greenfield projects (in which a private entity or a public-private joint venture builds and operates a new facility), and divestitures. Investment commitments are the sum of investments in facilities and investments in government assets. Investments in facilities are the resources the project company commits to invest during the contract period either in new facilities or in expansion and modernization of existing facilities. Investments in government assets are the resources the project company spends on acquiring government assets such as state-owned enterprises, rights to provide services in a specific area, or the use of specific radio spectrums. Data are in current U.S. dollars.","World Bank, Private Participation in Infrastructure Project Database (http://ppi.worldbank.org).",
"IE.PPI.WATR.CD","Investment in water and sanitation with private participation (current US$)","Investment in water and sanitation projects with private participation covers infrastructure projects in water and sanitation that have reached financial closure and directly or indirectly serve the public. Movable assets, incinerators, standalone solid waste projects, and small projects are excluded. The types of projects included are operations and management contracts, operations and management contracts with major capital expenditure, greenfield projects (in which a private entity or a public-private joint venture builds and operates a new facility), and divestitures. Investment commitments are the sum of investments in facilities and investments in government assets. Investments in facilities are the resources the project company commits to invest during the contract period either in new facilities or in expansion and modernization of existing facilities. Investments in government assets are the resources the project company spends on acquiring government assets such as state-owned enterprises, rights to provide services in a specific area, or the use of specific radio spectrums. Data are in current U.S. dollars.","World Bank, Private Participation in Infrastructure Project Database (http://ppi.worldbank.org).",
"IQ.CPA.PUBS.XQ","CPIA public sector management and institutions cluster average (1=low to 6=high)","The public sector management and institutions cluster includes property rights and rule-based governance, quality of budgetary and financial management, efficiency of revenue mobilization, quality of public administration, and transparency, accountability, and corruption in
the public sector.","World Bank Group, CPIA database (http://www.worldbank.org/ida).",
"NV.AGR.TOTL.ZS","Agriculture, value added (% of GDP)","Agriculture corresponds to ISIC divisions 1-5 and includes forestry, hunting, and fishing, as well as cultivation of crops and livestock production. Value added is the net output of a sector after adding up all outputs and subtracting intermediate inputs. It is calculated without making deductions for depreciation of fabricated assets or depletion and degradation of natural resources. The origin of value added is determined by the International Standard Industrial Classification (ISIC), revision 3. Note: For VAB countries, gross value added at factor cost is used as the denominator.","World Bank national accounts data, and OECD National Accounts data files.",
"NY.GDP.MKTP.CD","GDP at market prices (current US$)","GDP at purchaser's prices is the sum of gross value added by all resident producers in the economy plus any product taxes and minus any subsidies not included in the value of the products. It is calculated without making deductions for depreciation of fabricated assets or for depletion and degradation of natural resources. Data are in current U.S. dollars. Dollar figures for GDP are converted from domestic currencies using single year official exchange rates. For a few countries where the official exchange rate does not reflect the rate effectively applied to actual foreign exchange transactions, an alternative conversion factor is used.","World Bank national accounts data, and OECD National Accounts data files.",
"NY.GNP.PCAP.CD","GNI per capita, Atlas method (current US$)","GNI per capita (formerly GNP per capita) is the gross national income, converted to U.S. dollars using the World Bank Atlas method, divided by the midyear population. GNI is the sum of value added by all resident producers plus any product taxes (less subsidies) not included in the valuation of output plus net receipts of primary income (compensation of employees and property income) from abroad. GNI, calculated in national currency, is usually converted to U.S. dollars at official exchange rates for comparisons across economies, although an alternative rate is used when the official exchange rate is judged to diverge by an exceptionally large margin from the rate actually applied in international transactions. To smooth fluctuations in prices and exchange rates, a special Atlas method of conversion is used by the World Bank. This applies a conversion factor that averages the exchange rate for a given year and the two preceding years, adjusted for differences in rates of inflation between the country, and through 2000, the G-5 countries (France, Germany, Japan, the United Kingdom, and the United States). From 2001, these countries include the Euro area, Japan, the United Kingdom, and the United States.","World Bank national accounts data, and OECD National Accounts data files.",
"SE.ENR.PRSC.FM.ZS","Gross enrolment ratio, primary and secondary, gender parity index (GPI)","Ratio of female gross enrolment ratio for primary and secondary to male gross enrolment ratio for primary and secondary. It is calculated by dividing the female value for the indicator by the male value for the indicator. A GPI equal to 1 indicates parity between females and males. In general, a value less than 1 indicates disparity in favor of males and a value greater than 1 indicates disparity in favor of females.","UNESCO Institute for Statistics",
"SE.PRM.CMPT.ZS","Primary completion rate, both sexes (%)","Total number of new entrants in the last grade of primary education, regardless of age, expressed as percentage of the total population of the theoretical entrance age to the last grade of primary. This indicator is also known as ""gross intake rate to the last grade of primary education."" The ratio can exceed 100% due to over-aged and under-aged children who enter primary school late/early and/or repeat grades.","UNESCO Institute for Statistics",
"SH.DYN.MORT","Mortality rate, under-5 (per 1,000)","Under-five mortality rate is the probability per 1,000 that a newborn baby will die before reaching age five, if subject to age-specific mortality rates of the specified year.","Estimates Developed by the UN Inter-agency Group for Child Mortality Estimation (UNICEF, WHO, World Bank, UN DESA Population Division) at www.childmortality.org. Data for 2015 onwards are projections and from United Nations Populatoin Division's World Pop",
"SH.H2O.SAFE.RU.ZS","Improved water source, rural (% of rural population with access)","Access to an improved water source refers to the percentage of the population using an improved drinking water source. The improved drinking water source includes piped water on premises (piped household water connection located inside the user’s dwelling, plot or yard), and other improved drinking water sources (public taps or standpipes, tube wells or boreholes, protected dug wells, protected springs, and rainwater collection).","WHO/UNICEF Joint Monitoring Programme (JMP) for Water Supply and Sanitation (http://www.wssinfo.org/).",
"SH.H2O.SAFE.UR.ZS","Improved water source, urban (% of urban population with access)","Access to an improved water source refers to the percentage of the population using an improved drinking water source. The improved drinking water source includes piped water on premises (piped household water connection located inside the user’s dwelling, plot or yard), and other improved drinking water sources (public taps or standpipes, tube wells or boreholes, protected dug wells, protected springs, and rainwater collection).","WHO/UNICEF Joint Monitoring Programme (JMP) for Water Supply and Sanitation (http://www.wssinfo.org/).",
"SH.H2O.SAFE.ZS","Improved water source (% of population with access)","Access to an improved water source refers to the percentage of the population using an improved drinking water source. The improved drinking water source includes piped water on premises (piped household water connection located inside the user’s dwelling, plot or yard), and other improved drinking water sources (public taps or standpipes, tube wells or boreholes, protected dug wells, protected springs, and rainwater collection).","WHO/UNICEF Joint Monitoring Programme (JMP) for Water Supply and Sanitation (http://www.wssinfo.org/).",
"SH.MED.NUMW.P3","Nurses and midwives (per 1,000 people)","Nurses and midwives include professional nurses, professional midwives, auxiliary nurses, auxiliary midwives, enrolled nurses, enrolled midwives and other associated personnel, such as dental nurses and primary care nurses.","World Health Organization's Global Health Workforce Statistics, OECD, supplemented by country data.",
"SH.MED.PHYS.ZS","Physicians (per 1,000 people)","Physicians include generalist and specialist medical practitioners.","World Health Organization's Global Health Workforce Statistics, OECD, supplemented by country data.",
"SH.STA.ACSN","Improved sanitation facilities (% of population with access)","Access to improved sanitation facilities refers to the percentage of the population using improved sanitation facilities. Improved sanitation facilities are likely to ensure hygienic separation of human excreta from human contact. They include flush/pour flush (to piped sewer system, septic tank, pit latrine), ventilated improved pit (VIP) latrine, pit latrine with slab, and composting toilet.","WHO/UNICEF Joint Monitoring Programme (JMP) for Water Supply and Sanitation (http://www.wssinfo.org/).",
"SH.STA.MALN.ZS","Prevalence of underweight, weight for age (% of children under 5)","Prevalence of underweight children is the percentage of children under age 5 whose weight for age is more than two standard deviations below the median for the international reference population ages 0-59 months. The data are based on the WHO's new child growth standards released in 2006.","World Health Organization, Global Database on Child Growth and Malnutrition. Country-level data are unadjusted data from national surveys, and thus may not be comparable across countries. Adjusted, comparable data are available at http://www.who.int/nutgrowthdb/en. Aggregation is based on UNICEF, WHO, and the World Bank harmonized dataset (adjusted, comparable data) and methodology.",
"SI.POV.DDAY","Poverty headcount ratio at $1.90 a day (2011 PPP) (% of population)","Poverty headcount ratio at $1.90 a day is the percentage of the population living on less than $1.90 a day at 2011 international prices. As a result of revisions in PPP exchange rates, poverty rates for individual countries cannot be compared with poverty rates reported in earlier editions. Note: five countries -- Bangladesh, Cabo Verde, Cambodia, Jordan, and Lao PDR -- use the 2005 PPP conversion factors and corresponding $1.25 a day and $2 a day poverty lines. This is due to the large deviations in the rate of change in PPP factors relative to the rate of change in domestic consumer price indexes. See Box 1.1 in the Global Monitoring Report 2015/2016 (http://www.worldbank.org/en/publication/global-monitoring-report) for a detailed explanation.","World Bank, Development Research Group. Data are based on primary household survey data obtained from government statistical agencies and World Bank country departments. Data for high-income economies are from the Luxembourg Income Study database. For more information and methodology, please see PovcalNet (http://iresearch.worldbank.org/PovcalNet/index.htm).",
"SP.POP.GROW","Population growth (annual %)","Annual population growth rate for year t is the exponential rate of growth of midyear population from year t-1 to t, expressed as a percentage . Population is based on the de facto definition of population, which counts all residents regardless of legal status or citizenship--except for refugees not permanently settled in the country of asylum, who are generally considered part of the population of the country of origin.","Derived from total population. Population source: (1) United Nations Population Division. World Population Prospects, (2) United Nations Statistical Division. Population and Vital Statistics Report (various years), (3) Census reports and other statistical",
"SP.POP.TOTL","Population, total","Total population is based on the de facto definition of population, which counts all residents regardless of legal status or citizenship--except for refugees not permanently settled in the country of asylum, who are generally considered part of the population of their country of origin. The values shown are midyear estimates.","(1) United Nations Population Division. World Population Prospects, (2) United Nations Statistical Division. Population and Vital Statistics Report  (various years), (3) Census reports and other statistical publications from national statistical offices, (4) Eurostat: Demographic Statistics, (5) Secretariat of the Pacific Community: Statistics and Demography Programme, and (6) U.S. Census Bureau: International Database.",
"SP.URB.GROW","Urban population growth (annual %)","Urban population refers to people living in urban areas as defined by national statistical offices. It is calculated using World Bank population estimates and urban ratios from the United Nations World Urbanization Prospects.","World Bank Staff estimates based on United Nations, World Urbanization Prospects. ",
"SP.URB.TOTL","Urban population","Urban population refers to people living in urban areas as defined by national statistical offices. It is calculated using World Bank population estimates and urban ratios from the United Nations World Urbanization Prospects. Aggregation of urban and rural population may not add up to total population because of different country coverages.","World Bank Staff estimates based on United Nations, World Urbanization Prospects. ",
"SP.URB.TOTL.IN.ZS","Urban population (% of total)","Urban population refers to people living in urban areas as defined by national statistical offices. The data are collected and smoothed by United Nations Population Division.","United Nations, World Urbanization Prospects.",
