﻿"INDICATOR_CODE","INDICATOR_NAME","SOURCE_NOTE","SOURCE_ORGANIZATION",
"BG.GSR.NFSV.GD.ZS","Trade in services (% of GDP)","Trade in services is the sum of service exports and imports divided by the value of GDP, all in current U.S. dollars.","International Monetary Fund, Balance of Payments Statistics Yearbook and data files, and World Bank and OECD GDP estimates.",
"BM.GSR.CMCP.ZS","Communications, computer, etc. (% of service imports, BoP)","Communications, computer, information, and other services cover international telecommunications; computer data; news-related service transactions between residents and nonresidents; construction services; royalties and license fees; miscellaneous business, professional, and technical services; personal, cultural, and recreational services; manufacturing services on physical inputs owned by others; and maintenance and repair services and government services not included elsewhere.","International Monetary Fund, Balance of Payments Statistics Yearbook and data files.",
"BM.GSR.GNFS.CD","Imports of goods and services (BoP, current US$)","Imports of goods and services comprise all transactions between residents of a country and the rest of the world involving a change of ownership from nonresidents to residents of general merchandise, nonmonetary gold, and services. Data are in current U.S. dollars.","International Monetary Fund, Balance of Payments Statistics Yearbook and data files.",
"BM.GSR.MRCH.CD","Goods imports (BoP, current US$)","Goods imports refer to all movable goods (including nonmonetary gold) involved in a change of ownership from nonresidents to residents. Data are in current U.S. dollars.","International Monetary Fund, Balance of Payments Statistics Yearbook and data files.",
"BM.GSR.NFSV.CD","Service imports (BoP, current US$)","Services refer to economic output of intangible commodities that may be produced, transferred, and consumed at the same time. Data are in current U.S. dollars.","International Monetary Fund, Balance of Payments Statistics Yearbook and data files.",
"BM.GSR.TOTL.CD","Imports of goods, services and primary income (BoP, current US$)","Imports of goods, services and primary income is the sum of goods imports, service imports and primary income payments. Data are in current U.S. dollars.","International Monetary Fund, Balance of Payments Statistics Yearbook and data files.",
"BM.GSR.TRAN.ZS","Transport services (% of service imports, BoP)","Transport covers all transport services (sea, air, land, internal waterway, pipeline, space and electricity transmission) performed by residents of one economy for those of another and involving the carriage of passengers, the movement of goods (freight), rental of carriers with crew, and related support and auxiliary services. Also included are postal and courier services. Excluded are freight insurance (included in insurance services); goods procured in ports by nonresident carriers (included in goods); maintenance and repairs on transport equipment (included in maintenance and repair services n.i.e.); and repairs of railway facilities, harbors, and airfield facilities (included in construction).","International Monetary Fund, Balance of Payments Statistics Yearbook and data files.",
"BM.GSR.TRVL.ZS","Travel services (% of service imports, BoP)","Travel covers goods and services acquired from an economy by travelers for their own use during visits of less than one year in that economy for either business or personal purposes. Travel includes local transport (i.e., transport within the economy being visited and provided by a resident of that economy), but excludes international transport (which is included in passenger transport. Travel also excludes goods for resale, which are included in general merchandise.","International Monetary Fund, Balance of Payments Statistics Yearbook and data files.",
"BN.GSR.GNFS.CD","Net trade in goods and services (BoP, current US$)","Net trade in goods and services is derived by offsetting imports of goods and services against exports of goods and services. Exports and imports of goods and services comprise all transactions involving a change of ownership of goods and services between residents of one country and the rest of the world. Data are in current U.S. dollars.","International Monetary Fund, Balance of Payments Statistics Yearbook and data files.",
"BN.GSR.MRCH.CD","Net trade in goods (BoP, current US$)","Net trade in goods is the difference between exports and imports of goods. Trade in services is not included. Data are in current U.S. dollars.","International Monetary Fund, Balance of Payments Statistics Yearbook and data files.",
"BX.GSR.CCIS.CD","ICT service exports (BoP, current US$)","Information and communication technology service exports include computer and communications services (telecommunications and postal and courier services) and information services (computer data and news-related service transactions). Data are in current U.S. dollars.","International Monetary Fund, Balance of Payments Statistics Yearbook and data files.",
"BX.GSR.CCIS.ZS","ICT service exports (% of service exports, BoP)","Information and communication technology service exports include computer and communications services (telecommunications and postal and courier services) and information services (computer data and news-related service transactions).","International Monetary Fund, Balance of Payments Statistics Yearbook and data files.",
"BX.GSR.GNFS.CD","Exports of goods and services (BoP, current US$)","Exports of goods and services comprise all transactions between residents of a country and the rest of the world involving a change of ownership from residents to nonresidents of general merchandise, net exports of goods under merchanting, nonmonetary gold, and services. Data are in current U.S. dollars.","International Monetary Fund, Balance of Payments Statistics Yearbook and data files.",
"BX.GSR.MRCH.CD","Goods exports (BoP, current US$)","Goods exports refer to all movable goods (including nonmonetary gold and net exports of goods under merchanting) involved in a change of ownership from residents to nonresidents. Data are in current U.S. dollars.","International Monetary Fund, Balance of Payments Statistics Yearbook and data files.",
"BX.GSR.NFSV.CD","Service exports (BoP, current US$)","Services refer to economic output of intangible commodities that may be produced, transferred, and consumed at the same time. Data are in current U.S. dollars.","International Monetary Fund, Balance of Payments Statistics Yearbook and data files.",
"BX.GSR.TOTL.CD","Exports of goods, services and primary income (BoP, current US$)","Exports of goods, services and primary income is the sum of goods exports, service exports and primary income receipts. Data are in current U.S. dollars.","International Monetary Fund, Balance of Payments Statistics Yearbook and data files.",
"BX.GSR.TRAN.ZS","Transport services (% of service exports, BoP)","Transport covers all transport services (sea, air, land, internal waterway, pipeline, space and electricity transmission) performed by residents of one economy for those of another and involving the carriage of passengers, the movement of goods (freight), rental of carriers with crew, and related support and auxiliary services. Also included are postal and courier services. Excluded are freight insurance (included in insurance services); goods procured in ports by nonresident carriers (included in goods); maintenance and repairs on transport equipment (included in maintenance and repair services n.i.e.); and repairs of railway facilities, harbors, and airfield facilities (included in construction).","International Monetary Fund, Balance of Payments Statistics Yearbook and data files.",
"BX.GSR.TRVL.ZS","Travel services (% of service exports, BoP)","Travel covers goods and services acquired from an economy by travelers for their own use during visits of less than one year in that economy for either business or personal purposes. Travel includes local transport (i.e., transport within the economy being visited and provided by a resident of that economy), but excludes international transport (which is included in passenger transport. Travel also excludes goods for resale, which are included in general merchandise.","International Monetary Fund, Balance of Payments Statistics Yearbook and data files.",
"EG.IMP.CONS.ZS","Energy imports, net (% of energy use)","Net energy imports are estimated as energy use less production, both measured in oil equivalents. A negative value indicates that the country is a net exporter. Energy use refers to use of primary energy before transformation to other end-use fuels, which is equal to indigenous production plus imports and stock changes, minus exports and fuels supplied to ships and aircraft engaged in international transport.","IEA Statistics © OECD/IEA 2014 (http://www.iea.org/stats/index.asp), subject to https://www.iea.org/t&c/termsandconditions/",
"GC.TAX.EXPT.CN","Taxes on exports (current LCU)","Taxes on exports are all levies on goods being transported out of the country or services being delivered to nonresidents by residents. Rebates on exported goods that are repayments of previously paid general consumption taxes, excise taxes, or import duties are deducted from the gross amounts receivable from these taxes, not from amounts receivable from export taxes.","International Monetary Fund, Government Finance Statistics Yearbook and data files.",
"GC.TAX.EXPT.ZS","Taxes on exports (% of tax revenue)","Taxes on exports are all levies on goods being transported out of the country or services being delivered to nonresidents by residents. Rebates on exported goods that are repayments of previously paid general consumption taxes, excise taxes, or import duties are deducted from the gross amounts receivable from these taxes, not from amounts receivable from export taxes.","International Monetary Fund, Government Finance Statistics Yearbook and data files.",
"GC.TAX.IMPT.CN","Customs and other import duties (current LCU)","Customs and other import duties are all levies collected on goods that are entering the country or services delivered by nonresidents to residents. They include levies imposed for revenue or protection purposes and determined on a specific or ad valorem basis as long as they are restricted to imported goods or services.","International Monetary Fund, Government Finance Statistics Yearbook and data files.",
"GC.TAX.IMPT.ZS","Customs and other import duties (% of tax revenue)","Customs and other import duties are all levies collected on goods that are entering the country or services delivered by nonresidents to residents. They include levies imposed for revenue or protection purposes and determined on a specific or ad valorem basis as long as they are restricted to imported goods or services.","International Monetary Fund, Government Finance Statistics Yearbook and data files.",
"IC.CUS.DURS.EX","Average time to clear exports through customs (days)","Average time to clear exports through customs is the average number of days to clear direct exports through customs.","World Bank, Enterprise Surveys (http://www.enterprisesurveys.org/).",
"MS.MIL.MPRT.KD","Arms imports (SIPRI trend indicator values)","Arms transfers cover the supply of military weapons through sales, aid, gifts, and those made through manufacturing licenses. Data cover major conventional weapons such as aircraft, armored vehicles, artillery, radar systems, missiles, and ships designed for military use. Excluded are transfers of other military equipment such as small arms and light weapons, trucks, small artillery, ammunition, support equipment, technology transfers, and other services.","Stockholm International Peace Research Institute (SIPRI), Arms Transfers Programme (http://portal.sipri.org/publications/pages/transfer/splash).",
"MS.MIL.XPRT.KD","Arms exports (SIPRI trend indicator values)","Arms transfers cover the supply of military weapons through sales, aid, gifts, and those made through manufacturing licenses. Data cover major conventional weapons such as aircraft, armored vehicles, artillery, radar systems, missiles, and ships designed for military use. Excluded are transfers of other military equipment such as small arms and light weapons, trucks, small artillery, ammunition, support equipment, technology transfers, and other services.","Stockholm International Peace Research Institute (SIPRI), Arms Transfers Programme (http://portal.sipri.org/publications/pages/transfer/splash).",
"NE.EXP.GNFS.CD","Exports of goods and services (current US$)","Exports of goods and services represent the value of all goods and other market services provided to the rest of the world. They include the value of merchandise, freight, insurance, transport, travel, royalties, license fees, and other services, such as communication, construction, financial, information, business, personal, and government services. They exclude compensation of employees and investment income (formerly called factor services) and transfer payments. Data are in current U.S. dollars.","World Bank national accounts data, and OECD National Accounts data files.",
"NE.EXP.GNFS.CN","Exports of goods and services (current LCU)","Exports of goods and services represent the value of all goods and other market services provided to the rest of the world. They include the value of merchandise, freight, insurance, transport, travel, royalties, license fees, and other services, such as communication, construction, financial, information, business, personal, and government services. They exclude compensation of employees and investment income (formerly called factor services) and transfer payments. Data are in current local currency.","World Bank national accounts data, and OECD National Accounts data files.",
"NE.EXP.GNFS.KD","Exports of goods and services (constant 2005 US$)","Exports of goods and services represent the value of all goods and other market services provided to the rest of the world. They include the value of merchandise, freight, insurance, transport, travel, royalties, license fees, and other services, such as communication, construction, financial, information, business, personal, and government services. They exclude compensation of employees and investment income (formerly called factor services) and transfer payments. Data are in constant 2005 U.S. dollars.","World Bank national accounts data, and OECD National Accounts data files.",
"NE.EXP.GNFS.KD.ZG","Exports of goods and services (annual % growth)","Annual growth rate of exports of goods and services based on constant local currency. Aggregates are based on constant 2005 U.S. dollars. Exports of goods and services represent the value of all goods and other market services provided to the rest of the world. They include the value of merchandise, freight, insurance, transport, travel, royalties, license fees, and other services, such as communication, construction, financial, information, business, personal, and government services. They exclude compensation of employees and investment income (formerly called factor services) and transfer payments.","World Bank national accounts data, and OECD National Accounts data files.",
"NE.EXP.GNFS.KN","Exports of goods and services (constant LCU)","Exports of goods and services represent the value of all goods and other market services provided to the rest of the world. They include the value of merchandise, freight, insurance, transport, travel, royalties, license fees, and other services, such as communication, construction, financial, information, business, personal, and government services. They exclude compensation of employees and investment income (formerly called factor services) and transfer payments. Data are in constant local currency.","World Bank national accounts data, and OECD National Accounts data files.",
"NE.EXP.GNFS.ZS","Exports of goods and services (% of GDP)","Exports of goods and services represent the value of all goods and other market services provided to the rest of the world. They include the value of merchandise, freight, insurance, transport, travel, royalties, license fees, and other services, such as communication, construction, financial, information, business, personal, and government services. They exclude compensation of employees and investment income (formerly called factor services) and transfer payments.","World Bank national accounts data, and OECD National Accounts data files.",
"NE.IMP.GNFS.CD","Imports of goods and services (current US$)","Imports of goods and services represent the value of all goods and other market services received from the rest of the world. They include the value of merchandise, freight, insurance, transport, travel, royalties, license fees, and other services, such as communication, construction, financial, information, business, personal, and government services. They exclude compensation of employees and investment income (formerly called factor services) and transfer payments. Data are in current U.S. dollars.","World Bank national accounts data, and OECD National Accounts data files.",
"NE.IMP.GNFS.CN","Imports of goods and services (current LCU)","Imports of goods and services represent the value of all goods and other market services received from the rest of the world. They include the value of merchandise, freight, insurance, transport, travel, royalties, license fees, and other services, such as communication, construction, financial, information, business, personal, and government services. They exclude compensation of employees and investment income (formerly called factor services) and transfer payments. Data are in current local currency.","World Bank national accounts data, and OECD National Accounts data files.",
"NE.IMP.GNFS.KD","Imports of goods and services (constant 2005 US$)","Imports of goods and services represent the value of all goods and other market services received from the rest of the world. They include the value of merchandise, freight, insurance, transport, travel, royalties, license fees, and other services, such as communication, construction, financial, information, business, personal, and government services. They exclude compensation of employees and investment income (formerly called factor services) and transfer payments. Data are in constant 2005 U.S. dollars.","World Bank national accounts data, and OECD National Accounts data files.",
"NE.IMP.GNFS.KD.ZG","Imports of goods and services (annual % growth)","Annual growth rate of imports of goods and services based on constant local currency. Aggregates are based on constant 2005 U.S. dollars. Imports of goods and services represent the value of all goods and other market services received from the rest of the world. They include the value of merchandise, freight, insurance, transport, travel, royalties, license fees, and other services, such as communication, construction, financial, information, business, personal, and government services. They exclude compensation of employees and investment income (formerly called factor services) and transfer payments.","World Bank national accounts data, and OECD National Accounts data files.",
"NE.IMP.GNFS.KN","Imports of goods and services (constant LCU)","Imports of goods and services represent the value of all goods and other market services received from the rest of the world. They include the value of merchandise, freight, insurance, transport, travel, royalties, license fees, and other services, such as communication, construction, financial, information, business, personal, and government services. They exclude compensation of employees and investment income (formerly called factor services) and transfer payments. Data are in constant local currency.","World Bank national accounts data, and OECD National Accounts data files.",
"NE.IMP.GNFS.ZS","Imports of goods and services (% of GDP)","Imports of goods and services represent the value of all goods and other market services received from the rest of the world. They include the value of merchandise, freight, insurance, transport, travel, royalties, license fees, and other services, such as communication, construction, financial, information, business, personal, and government services. They exclude compensation of employees and investment income (formerly called factor services) and transfer payments.","World Bank national accounts data, and OECD National Accounts data files.",
"NE.TRD.GNFS.ZS","Trade (% of GDP)","Trade is the sum of exports and imports of goods and services measured as a share of gross domestic product.","World Bank national accounts data, and OECD National Accounts data files.",
"NY.EXP.CAPM.KN","Exports as a capacity to import (constant LCU)","Exports as a capacity to import equals the current price value of exports of goods and services deflated by the import price index. Data are in constant local currency.","World Bank national accounts data, and OECD National Accounts data files.",
"TG.VAL.TOTL.GD.ZS","Merchandise trade (% of GDP)","Merchandise trade as a share of GDP is the sum of merchandise exports and imports divided by the value of GDP, all in current U.S. dollars.","World Trade Organization, and World Bank GDP estimates.",
"TM.QTY.MRCH.XD.WD","Import volume index (2000 = 100)","Import volume indexes are derived from UNCTAD's volume index series and are the ratio of the import value indexes to the corresponding unit value indexes. Unit value indexes are based on data reported by countries that demonstrate consistency under UNCTAD quality controls, supplemented by UNCTAD’s estimates using the previous year’s trade values at the Standard International Trade Classification three-digit level as weights. To improve data coverage, especially for the latest periods, UNCTAD constructs a set of average prices indexes at the three-digit product classification of the Standard International Trade Classification revision 3 using UNCTAD’s Commodity Price Statistics, interna­tional and national sources, and UNCTAD secretariat estimates and calculates unit value indexes at the country level using the current year’s trade values as weights. For economies for which UNCTAD does not publish data, the import volume indexes (lines 73) in the IMF's International Financial Statistics are used.","United Nations Conference on Trade and Development, Handbook of Statistics and data files, and International Monetary Fund, International Financial Statistics.",
"TM.TAX.MANF.BC.ZS","Binding coverage, manufactured products (%)","Binding coverage is the percentage of product lines with an agreed bound rate. Bound rates result from trade negotiations incorporated into a country's schedule of concessions and are thus enforceable. Manufactured products are commodities classified in SITC revision 3 sections 5-8 excluding division 68.","World Bank staff estimates using the World Integrated Trade Solution system, based on data from World Trade Organization.",
"TM.TAX.MANF.BR.ZS","Bound rate, simple mean, manufactured products (%)","Simple mean bound rate is the unweighted average of all the lines in the tariff schedule in which bound rates have been set. Bound rates result from trade negotiations incorporated into a country's schedule of concessions and are thus enforceable. Manufactured products are commodities classified in SITC revision 3 sections 5-8 excluding division 68.","World Bank staff estimates using the World Integrated Trade Solution system, based on data from World Trade Organization.",
"TM.TAX.MANF.IP.ZS","Share of tariff lines with international peaks, manufactured products (%)","Share of tariff lines with international peaks is the share of lines in the tariff schedule with tariff rates that exceed 15 percent. It provides an indication of how selectively tariffs are applied. Manufactured products are commodities classified in SITC revision 3 sections 5-8 excluding division 68.","World Bank staff estimates using the World Integrated Trade Solution system, based on data from United Nations Conference on Trade and Development's Trade Analysis and Information System (TRAINS) database.",
"TM.TAX.MANF.SM.AR.ZS","Tariff rate, applied, simple mean, manufactured products (%)","Simple mean applied tariff is the unweighted average of effectively applied rates for all products subject to tariffs calculated for all traded goods. Data are classified using the Harmonized System of trade at the six- or eight-digit level. Tariff line data were matched to Standard International Trade Classification (SITC) revision 3 codes to define commodity groups. Effectively applied tariff rates at the six- and eight-digit product level are averaged for products in each commodity group. When the effectively applied rate is unavailable, the most favored nation rate is used instead. To the extent possible, specific rates have been converted to their ad valorem equivalent rates and have been included in the calculation of simple mean tariffs. Manufactured products are commodities classified in SITC revision 3 sections 5-8 excluding division 68.","World Bank staff estimates using the World Integrated Trade Solution system, based on data from United Nations Conference on Trade and Development's Trade Analysis and Information System (TRAINS) database and the World Trade Organization’s (WTO) Integrated Data Base (IDB) and Consolidated Tariff Schedules (CTS) database.",
"TM.TAX.MANF.SM.FN.ZS","Tariff rate, most favored nation, simple mean, manufactured products (%)","Simple mean most favored nation tariff rate is the unweighted average of most favored nation rates for all products subject to tariffs calculated for all traded goods. Data are classified using the Harmonized System of trade at the six- or eight-digit level. Tariff line data were matched to Standard International Trade Classification (SITC) revision 3 codes to define commodity groups. Manufactured products are commodities classified in SITC revision 3 sections 5-8 excluding division 68.","World Bank staff estimates using the World Integrated Trade Solution system, based on data from United Nations Conference on Trade and Development's Trade Analysis and Information System (TRAINS) database and the World Trade Organization’s (WTO) Integrated Data Base (IDB) and Consolidated Tariff Schedules (CTS) database.",
"TM.TAX.MANF.SR.ZS","Share of tariff lines with specific rates, manufactured products (%)","Share of tariff lines with specific rates is the share of lines in the tariff schedule that are set on a per unit basis or that combine ad valorem and per unit rates. It shows the extent to which countries use tariffs based on physical quantities or other, non-ad valorem measures. Manufactured products are commodities classified in SITC revision 3 sections 5-8 excluding division 68.","World Bank staff estimates using the World Integrated Trade Solution system, based on data from United Nations Conference on Trade and Development's Trade Analysis and Information System (TRAINS) database.",
"TM.TAX.MANF.WM.AR.ZS","Tariff rate, applied, weighted mean, manufactured products (%)","Weighted mean applied tariff is the average of effectively applied rates weighted by the product import shares corresponding to each partner country. Data are classified using the Harmonized System of trade at the six- or eight-digit level. Tariff line data were matched to Standard International Trade Classification (SITC) revision 3 codes to define commodity groups and import weights. To the extent possible, specific rates have been converted to their ad valorem equivalent rates and have been included in the calculation of weighted mean tariffs. Import weights were calculated using the United Nations Statistics Division's
Commodity Trade (Comtrade) database. Effectively applied tariff rates at the six- and eight-digit product level are averaged for products in each commodity group. When the effectively applied rate is unavailable, the most favored nation rate is used instead. Manufactured products are commodities classified in SITC revision 3 sections 5-8 excluding division 68.","World Bank staff estimates using the World Integrated Trade Solution system, based on data from United Nations Conference on Trade and Development's Trade Analysis and Information System (TRAINS) database and the World Trade Organization’s (WTO) Integrated Data Base (IDB) and Consolidated Tariff Schedules (CTS) database.",
"TM.TAX.MANF.WM.FN.ZS","Tariff rate, most favored nation, weighted mean, manufactured products (%)","Weighted mean most favored nations tariff is the average of most favored nation rates weighted by the product import shares corresponding to each partner country. Data are classified using the Harmonized System of trade at the six- or eight-digit level. Tariff line data were matched to Standard International Trade Classification (SITC) revision 3 codes to define commodity groups and import weights. Import weights were calculated using the United Nations Statistics Division's Commodity Trade (Comtrade) database. Manufactured products are commodities classified in SITC revision 3 sections 5-8 excluding division 68.","World Bank staff estimates using the World Integrated Trade Solution system, based on data from United Nations Conference on Trade and Development's Trade Analysis and Information System (TRAINS) database and the World Trade Organization’s (WTO) Integrated Data Base (IDB) and Consolidated Tariff Schedules (CTS) database.",
"TM.TAX.MRCH.BC.ZS","Binding coverage, all products (%)","Binding coverage is the percentage of product lines with an agreed bound rate. Bound rates result from trade negotiations incorporated into a country's schedule of concessions and are thus enforceable.","World Bank staff estimates using the World Integrated Trade Solution system, based on data from World Trade Organization.",
"TM.TAX.MRCH.BR.ZS","Bound rate, simple mean, all products (%)","Simple mean bound rate is the unweighted average of all the lines in the tariff schedule in which bound rates have been set. Bound rates result from trade negotiations incorporated into a country's schedule of concessions and are thus enforceable.","World Bank staff estimates using the World Integrated Trade Solution system, based on data from World Trade Organization.",
"TM.TAX.MRCH.IP.ZS","Share of tariff lines with international peaks, all products (%)","Share of tariff lines with international peaks is the share of lines in the tariff schedule with tariff rates that exceed 15 percent. It provides an indication of how selectively tariffs are applied.","World Bank staff estimates using the World Integrated Trade Solution system, based on data from United Nations Conference on Trade and Development's Trade Analysis and Information System (TRAINS) database.",
"TM.TAX.MRCH.SM.AR.ZS","Tariff rate, applied, simple mean, all products (%)","Simple mean applied tariff is the unweighted average of effectively applied rates for all products subject to tariffs calculated for all traded goods. Data are classified using the Harmonized System of trade at the six- or eight-digit level. Tariff line data were matched to Standard International Trade Classification (SITC) revision 3 codes to define commodity groups. Effectively applied tariff rates at the six- and eight-digit product level are averaged for products in each commodity group. When the effectively applied rate is unavailable, the most favored nation rate is used instead. To the extent possible, specific rates have been converted to their ad valorem equivalent rates and have been included in the calculation of simple mean tariffs.","World Bank staff estimates using the World Integrated Trade Solution system, based on data from United Nations Conference on Trade and Development's Trade Analysis and Information System (TRAINS) database and the World Trade Organization’s (WTO) Integrated Data Base (IDB) and Consolidated Tariff Schedules (CTS) database.",
"TM.TAX.MRCH.SM.FN.ZS","Tariff rate, most favored nation, simple mean, all products (%)","Simple mean most favored nation tariff rate is the unweighted average of most favored nation rates for all products subject to tariffs calculated for all traded goods. Data are classified using the Harmonized System of trade at the six- or eight-digit level. Tariff line data were matched to Standard International Trade Classification (SITC) revision 3 codes to define commodity groups.","World Bank staff estimates using the World Integrated Trade Solution system, based on data from United Nations Conference on Trade and Development's Trade Analysis and Information System (TRAINS) database and the World Trade Organization’s (WTO) Integrated Data Base (IDB) and Consolidated Tariff Schedules (CTS) database.",
"TM.TAX.MRCH.SR.ZS","Share of tariff lines with specific rates, all products (%)","Share of tariff lines with specific rates is the share of lines in the tariff schedule that are set on a per unit basis or that combine ad valorem and per unit rates. It shows the extent to which countries use tariffs based on physical quantities or other, non-ad valorem measures.","World Bank staff estimates using the World Integrated Trade Solution system, based on data from United Nations Conference on Trade and Development's Trade Analysis and Information System (TRAINS) database.",
"TM.TAX.MRCH.WM.AR.ZS","Tariff rate, applied, weighted mean, all products (%)","Weighted mean applied tariff is the average of effectively applied rates weighted by the product import shares corresponding to each partner country. Data are classified using the Harmonized System of trade at the six- or eight-digit level. Tariff line data were matched to Standard International Trade Classification (SITC) revision 3 codes to define commodity groups and import weights. To the extent possible, specific rates have been converted to their ad valorem equivalent rates and have been included in the calculation of weighted mean tariffs. Import weights were calculated using the United Nations Statistics Division's Commodity Trade (Comtrade) database. Effectively applied tariff rates at the six- and eight-digit product level are averaged for products in each commodity group. When the effectively applied rate is unavailable, the most favored nation rate is used instead.","World Bank staff estimates using the World Integrated Trade Solution system, based on data from United Nations Conference on Trade and Development's Trade Analysis and Information System (TRAINS) database and the World Trade Organization’s (WTO) Integrated Data Base (IDB) and Consolidated Tariff Schedules (CTS) database.",
"TM.TAX.MRCH.WM.FN.ZS","Tariff rate, most favored nation, weighted mean, all products (%)","Weighted mean most favored nations tariff is the average of most favored nation rates weighted by the product import shares corresponding to each partner country. Data are classified using the Harmonized System of trade at the six- or eight-digit level. Tariff line data were matched to Standard International Trade Classification (SITC) revision 3 codes to define commodity groups and import weights. Import weights were calculated using the United Nations Statistics Division's Commodity Trade (Comtrade) database.","World Bank staff estimates using the World Integrated Trade Solution system, based on data from United Nations Conference on Trade and Development's Trade Analysis and Information System (TRAINS) database and the World Trade Organization’s (WTO) Integrated Data Base (IDB) and Consolidated Tariff Schedules (CTS) database.",
"TM.TAX.TCOM.BC.ZS","Binding coverage, primary products (%)","Binding coverage is the percentage of product lines with an agreed bound rate. Bound rates result from trade negotiations incorporated into a country's schedule of concessions and are thus enforceable. Primary products are commodities classified in SITC revision 3 sections 0-4 plus division 68 (nonferrous metals).","World Bank staff estimates using the World Integrated Trade Solution system, based on data from World Trade Organization.",
"TM.TAX.TCOM.BR.ZS","Bound rate, simple mean, primary products (%)","Simple mean bound rate is the unweighted average of all the lines in the tariff schedule in which bound rates have been set. Bound rates result from trade negotiations incorporated into a country's schedule of concessions and are thus enforceable. Primary products are commodities classified in SITC revision 3 sections 0-4 plus division 68 (nonferrous metals).","World Bank staff estimates using the World Integrated Trade Solution system, based on data from World Trade Organization.",
"TM.TAX.TCOM.IP.ZS","Share of tariff lines with international peaks, primary products (%)","Share of tariff lines with international peaks is the share of lines in the tariff schedule with tariff rates that exceed 15 percent. It provides an indication of how selectively tariffs are applied. Primary products are commodities classified in SITC revision 3 sections 0-4 plus division 68 (nonferrous metals).","World Bank staff estimates using the World Integrated Trade Solution system, based on data from United Nations Conference on Trade and Development's Trade Analysis and Information System (TRAINS) database.",
"TM.TAX.TCOM.SM.AR.ZS","Tariff rate, applied, simple mean, primary products (%)","Simple mean applied tariff is the unweighted average of effectively applied rates for all products subject to tariffs calculated for all traded goods. Data are classified using the Harmonized System of trade at the six- or eight-digit level. Tariff line data were matched to Standard International Trade Classification (SITC) revision 3 codes to define commodity groups. Effectively applied tariff rates at the six- and eight-digit product level are averaged for products in each commodity group. When the effectively applied rate is unavailable, the most favored nation rate is used instead. To the extent possible, specific rates have been converted to their ad valorem equivalent rates and have been included in the calculation of simple mean tariffs. Primary products are commodities classified in SITC revision 3 sections 0-4 plus division 68 (nonferrous metals).","World Bank staff estimates using the World Integrated Trade Solution system, based on data from United Nations Conference on Trade and Development's Trade Analysis and Information System (TRAINS) database and the World Trade Organization’s (WTO) Integrated Data Base (IDB) and Consolidated Tariff Schedules (CTS) database.",
"TM.TAX.TCOM.SM.FN.ZS","Tariff rate, most favored nation, simple mean, primary products (%)","Simple mean most favored nation tariff rate is the unweighted average of most favored nation rates for all products subject to tariffs calculated for all traded goods. Data are classified using the Harmonized System of trade at the six- or eight-digit level. Tariff line data were matched to Standard International Trade Classification (SITC) revision 3 codes to define commodity groups. Primary products are commodities classified in SITC revision 3 sections 0-4 plus division 68 (nonferrous metals).","World Bank staff estimates using the World Integrated Trade Solution system, based on data from United Nations Conference on Trade and Development's Trade Analysis and Information System (TRAINS) database and the World Trade Organization’s (WTO) Integrated Data Base (IDB) and Consolidated Tariff Schedules (CTS) database.",
"TM.TAX.TCOM.SR.ZS","Share of tariff lines with specific rates, primary products (%)","Share of tariff lines with specific rates is the share of lines in the tariff schedule that are set on a per unit basis or that combine ad valorem and per unit rates. It shows the extent to which countries use tariffs based on physical quantities or other, non-ad valorem measures. Primary products are commodities classified in SITC revision 3 sections 0-4 plus division 68 (nonferrous metals).","World Bank staff estimates using the World Integrated Trade Solution system, based on data from United Nations Conference on Trade and Development's Trade Analysis and Information System (TRAINS) database.",
"TM.TAX.TCOM.WM.AR.ZS","Tariff rate, applied, weighted mean, primary products (%)","Weighted mean applied tariff is the average of effectively applied rates weighted by the product import shares corresponding to each partner country. Data are classified using the Harmonized System of trade at the six- or eight-digit level. Tariff line data were matched to Standard International Trade Classification (SITC) revision 3 codes to define commodity groups and import weights. To the extent possible, specific rates have been converted to their ad valorem equivalent rates and have been included in the calculation of weighted mean tariffs. Import weights were calculated using the United Nations Statistics Division's Commodity Trade (Comtrade) database. Effectively applied tariff rates at the six- and eight-digit product level are averaged for products in each commodity group. When the effectively applied rate is unavailable, the most favored nation rate is used instead. Primary products are commodities classified in SITC revision 3 sections 0-4 plus division 68 (nonferrous metals).","World Bank staff estimates using the World Integrated Trade Solution system, based on data from United Nations Conference on Trade and Development's Trade Analysis and Information System (TRAINS) database and the World Trade Organization’s (WTO) Integrated Data Base (IDB) and Consolidated Tariff Schedules (CTS) database.",
"TM.TAX.TCOM.WM.FN.ZS","Tariff rate, most favored nation, weighted mean, primary products (%)","Weighted mean most favored nations tariff is the average of most favored nation rates weighted by the product import shares corresponding to each partner country. Data are classified using the Harmonized System of trade at the six- or eight-digit level. Tariff line data were matched to Standard International Trade Classification (SITC) revision 3 codes to define commodity groups and import weights. Import weights were calculated using the United Nations Statistics Division's Commodity Trade (Comtrade) database. Primary products are commodities classified in SITC revision 3 sections 0-4 plus division 68 (nonferrous metals).","World Bank staff estimates using the World Integrated Trade Solution system, based on data from United Nations Conference on Trade and Development's Trade Analysis and Information System (TRAINS) database and the World Trade Organization’s (WTO) Integrated Data Base (IDB) and Consolidated Tariff Schedules (CTS) database.",
"TM.VAL.AGRI.ZS.UN","Agricultural raw materials imports (% of merchandise imports)","Agricultural raw materials comprise SITC section 2 (crude materials except fuels) excluding divisions 22, 27 (crude fertilizers and minerals excluding coal, petroleum, and precious stones), and 28 (metalliferous ores and scrap).","World Bank staff estimates from the Comtrade database maintained by the United Nations Statistics Division.",
"TM.VAL.FOOD.ZS.UN","Food imports (% of merchandise imports)","Food comprises the commodities in SITC sections 0 (food and live animals), 1 (beverages and tobacco), and 4 (animal and vegetable oils and fats) and SITC division 22 (oil seeds, oil nuts, and oil kernels).","World Bank staff estimates from the Comtrade database maintained by the United Nations Statistics Division.",
"TM.VAL.FUEL.ZS.UN","Fuel imports (% of merchandise imports)","Fuels comprise the commodities in SITC section 3 (mineral fuels).","World Bank staff estimates from the Comtrade database maintained by the United Nations Statistics Division.",
"TM.VAL.ICTG.ZS.UN","ICT goods imports (% total goods imports)","Information and communication technology goods imports include telecommunications, audio and video, computer and related equipment; electronic components; and other information and communication technology goods. Software is excluded.","United Nations Conference on Trade and Development's UNCTADstat database at http://unctadstat.unctad.org/ReportFolders/reportFolders.aspx.",
"TM.VAL.INSF.ZS.WT","Insurance and financial services (% of commercial service imports)","Insurance and financial services cover freight insurance on goods imported and other direct insurance such as life insurance; financial intermediation services such as commissions, foreign exchange transactions, and brokerage services; and auxiliary services such as financial market operational and regulatory services.","International Monetary Fund, Balance of Payments Statistics Yearbook and data files.",
"TM.VAL.MANF.ZS.UN","Manufactures imports (% of merchandise imports)","Manufactures comprise the commodities in SITC sections 5 (chemicals), 6 (basic manufactures), 7 (machinery and transport equipment), and 8 (miscellaneous manufactured goods), excluding division 68 (nonferrous metals).","World Bank staff estimates from the Comtrade database maintained by the United Nations Statistics Division.",
"TM.VAL.MMTL.ZS.UN","Ores and metals imports (% of merchandise imports)","Ores and metals comprise commodities in SITC sections 27 (crude fertilizer, minerals nes); 28 (metalliferous ores, scrap); and 68 (non-ferrous metals).","World Bank staff estimates from the Comtrade database maintained by the United Nations Statistics Division.",
"TM.VAL.MRCH.AL.ZS","Merchandise imports from economies in the Arab World (% of total merchandise imports)","Merchandise imports from economies in the Arab World are the sum of merchandise imports by the reporting economy from economies in the Arab World. Data are expressed as a percentage of total merchandise imports by the economy. Data are computed only if at least half of the economies in the partner country group had non-missing data.","World Bank staff estimates based data from International Monetary Fund's Direction of Trade database.",
"TM.VAL.MRCH.CD.WT","Merchandise imports (current US$)","Merchandise imports show the c.i.f. value of goods received from the rest of the world valued in current U.S. dollars.","World Trade Organization.",
"TM.VAL.MRCH.HI.ZS","Merchandise imports from high-income economies (% of total merchandise imports)","Merchandise imports from high-income economies are the sum of merchandise imports by the reporting economy from high-income economies according to the World Bank classification of economies. Data are expressed as a percentage of total merchandise imports by the economy. Data are computed only if at least half of the economies in the partner country group had non-missing data.","World Bank staff estimates based data from International Monetary Fund's Direction of Trade database.",
"TM.VAL.MRCH.OR.ZS","Merchandise imports from low- and middle-income economies outside region (% of total merchandise imports)","Merchandise imports from low- and middle-income economies outside region are the sum of merchandise imports by the reporting economy from other low- and middle-income economies in other World Bank regions according to the World Bank classification of economies. Data are in current U.S. dollars. Data are computed only if at least half of the economies in the partner country group had non-missing data.","World Bank staff estimates based data from International Monetary Fund's Direction of Trade database.",
"TM.VAL.MRCH.R1.ZS","Merchandise imports from low- and middle-income economies in East Asia & Pacific (% of total merchandise imports)","Merchandise imports from low- and middle-income economies in East Asia and Pacific are the sum of merchandise imports by the reporting economy from low- and middle-income economies in the East Asia and Pacific region according to the World Bank classification of economies. Data are expressed as a percentage of total merchandise imports by the economy. Data are computed only if at least half of the economies in the partner country group had non-missing data.","World Bank staff estimates based data from International Monetary Fund's Direction of Trade database.",
"TM.VAL.MRCH.R2.ZS","Merchandise imports from low- and middle-income economies in Europe & Central Asia (% of total merchandise imports)","Merchandise imports from low- and middle-income economies in Europe and Central Asia are the sum of merchandise imports by the reporting economy from low- and middle-income economies in the Europe and Central Asia region according to the World Bank classification of economies. Data are expressed as a percentage of total merchandise imports by the economy. Data are computed only if at least half of the economies in the partner country group had non-missing data.","World Bank staff estimates based data from International Monetary Fund's Direction of Trade database.",
"TM.VAL.MRCH.R3.ZS","Merchandise imports from low- and middle-income economies in Latin America & the Caribbean (% of total merchandise imports)","Merchandise imports from low- and middle-income economies in Latin America and the Caribbean are the sum of merchandise imports by the reporting economy from low- and middle-income economies in the Latin America and the Caribbean region according to the World Bank classification of economies. Data are expressed as a percentage of total merchandise imports by the economy. Data are computed only if at least half of the economies in the partner country group had non-missing data.","World Bank staff estimates based data from International Monetary Fund's Direction of Trade database.",
"TM.VAL.MRCH.R4.ZS","Merchandise imports from low- and middle-income economies in Middle East & North Africa (% of total merchandise imports)","Merchandise imports from low- and middle-income economies in Middle East and North Africa are the sum of merchandise imports by the reporting economy from low- and middle-income economies in the Middle East and North Africa region according to the World Bank classification of economies. Data are expressed as a percentage of total merchandise imports by the economy. Data are computed only if at least half of the economies in the partner country group had non-missing data.","World Bank staff estimates based data from International Monetary Fund's Direction of Trade database.",
"TM.VAL.MRCH.R5.ZS","Merchandise imports from low- and middle-income economies in South Asia (% of total merchandise imports)","Merchandise imports from low- and middle-income economies in South Asia are the sum of merchandise imports by the reporting economy from low- and middle-income economies in the South Asia region according to the World Bank classification of economies. Data are expressed as a percentage of total merchandise imports by the economy. Data are computed only if at least half of the economies in the partner country group had non-missing data.","World Bank staff estimates based data from International Monetary Fund's Direction of Trade database.",
"TM.VAL.MRCH.R6.ZS","Merchandise imports from low- and middle-income economies in Sub-Saharan Africa (% of total merchandise imports)","Merchandise imports from low- and middle-income economies in Sub-Saharan Africa are the sum of merchandise imports by the reporting economy from low- and middle-income economies in the Sub-Saharan Africa region according to the World Bank classification of economies. Data are expressed as a percentage of total merchandise imports by the economy. Data are computed only if at least half of the economies in the partner country group had non-missing data.","World Bank staff estimates based data from International Monetary Fund's Direction of Trade database.",
"TM.VAL.MRCH.RS.ZS","Merchandise imports by the reporting economy, residual (% of total merchandise imports)","Merchandise imports by the reporting economy residuals are the total merchandise imports by the reporting economy from the rest of the world as reported in the IMF's Direction of trade database, less the sum of imports by the reporting economy from high-, low-, and middle-income economies according to the World Bank classification of economies. Includes trade with unspecified partners or with economies not covered by World Bank classification. Data are as a percentage of total merchandise imports by the economy.","World Bank staff estimates based data from International Monetary Fund's Direction of Trade database.",
"TM.VAL.MRCH.WL.CD","Merchandise imports by the reporting economy (current US$)","Merchandise imports by the reporting economy are the total merchandise imports by the reporting economy from the rest of the world, as reported in the IMF's Direction of trade database. Data are in current U.S. dollars.","World Bank staff estimates based data from International Monetary Fund's Direction of Trade database.",
"TM.VAL.MRCH.WR.ZS","Merchandise imports from low- and middle-income economies within region (% of total merchandise imports)","Merchandise imports from low- and middle-income economies within region are the sum of merchandise imports by the reporting economy from other low- and middle-income economies in the same World Bank region according to the World Bank classification of economies. Data are as a percentage of total merchandise imports by the economy. Data are computed only if at least half of the economies in the partner country group had non-missing data. No figures are shown for high-income economies, because they are a separate category in the World Bank classification of economies.","World Bank staff estimates based data from International Monetary Fund's Direction of Trade database.",
"TM.VAL.MRCH.XD.WD","Import value index (2000 = 100)","Import value indexes are the current value of imports (c.i.f.) converted to U.S. dollars and expressed as a percentage of the average for the base period (2000). UNCTAD's import value indexes are reported for most economies. For selected economies for which UNCTAD does not publish data, the import value indexes are derived from import volume indexes (line 73) and corresponding unit value indexes of imports (line 75) in the IMF's International Financial Statistics.","United Nations Conference on Trade and Development, Handbook of Statistics and data files, and International Monetary Fund, International Financial Statistics.",
"TM.VAL.OTHR.ZS.WT","Computer, communications and other services (% of commercial service imports)","Computer, communications and other services (% of commercial service imports) include such activities as international telecommunications, and postal and courier services; computer data; news-related service transactions between residents and nonresidents; construction services; royalties and license fees; miscellaneous business, professional, and technical services; and personal, cultural, and recreational services.","International Monetary Fund, Balance of Payments Statistics Yearbook and data files.",
"TM.VAL.SERV.CD.WT","Commercial service imports (current US$)","Commercial service imports are total service imports minus imports of government services not included elsewhere. International transactions in services are defined by the IMF's Balance of Payments Manual (1993) as the economic output of intangible commodities that may be produced, transferred, and consumed at the same time. Definitions may vary among reporting economies.","International Monetary Fund, Balance of Payments Statistics Yearbook and data files.",
"TM.VAL.TRAN.ZS.WT","Transport services (% of commercial service imports)","Transport services (% of commercial service imports) covers all transport services (sea, air, land, internal waterway, space, and pipeline) performed by residents of one economy for those of another and involving the carriage of passengers, movement of goods (freight), rental of carriers with crew, and related support and auxiliary services. Excluded are freight insurance, which is included in insurance services; goods procured in ports by nonresident carriers and repairs of transport equipment, which are included in goods; repairs of railway facilities, harbors, and airfield facilities, which are included in construction services; and rental of carriers without crew, which is included in other services.","International Monetary Fund, Balance of Payments Statistics Yearbook and data files.",
"TM.VAL.TRVL.ZS.WT","Travel services (% of commercial service imports)","Travel services (% of commercial service imports) covers goods and services acquired from an economy by travelers in that economy for their own use during visits of less than one year for business or personal purposes. Travel services include the goods and services consumed by travelers, such as lodging, meals, and transport (within the economy visited).","International Monetary Fund, Balance of Payments Statistics Yearbook and data files.",
"TT.PRI.MRCH.XD.WD","Net barter terms of trade index (2000 = 100)","Net barter terms of trade index is calculated as the percentage ratio of the export unit value indexes to the import unit value indexes, measured relative to the base year 2000. Unit value indexes are based on data reported by countries that demonstrate consistency under UNCTAD quality controls, supplemented by UNCTAD’s estimates using the previous year’s trade values at the Standard International Trade Classification three-digit level as weights. To improve data coverage, especially for the latest periods, UNCTAD constructs a set of average prices indexes at the three-digit product classification of the Standard International Trade Classification revision 3 using UNCTAD’s Commodity Price Statistics, interna­tional and national sources, and UNCTAD secretariat estimates and calculates unit value indexes at the country level using the current year’s trade values as weights.","United Nations Conference on Trade and Development, Handbook of Statistics and data files, and International Monetary Fund, International Financial Statistics.",
"TX.QTY.MRCH.XD.WD","Export volume index (2000 = 100)","Export volume indexes are derived from UNCTAD's volume index series and are the ratio of the export value indexes to the corresponding unit value indexes. Unit value indexes are based on data reported by countries that demonstrate consistency under UNCTAD quality controls, supplemented by UNCTAD’s estimates using the previous year’s trade values at the Standard International Trade Classification three-digit level as weights. To improve data coverage, especially for the latest periods, UNCTAD constructs a set of average prices indexes at the three-digit product classification of the Standard International Trade Classification revision 3 using UNCTAD’s Commodity Price Statistics, interna­tional and national sources, and UNCTAD secretariat estimates and calculates unit value indexes at the country level using the current year’s trade values as weights. For economies for which UNCTAD does not publish data, the export volume indexes (lines 72) in the IMF's International Financial Statistics are used.","United Nations Conference on Trade and Development, Handbook of Statistics and data files, and International Monetary Fund, International Financial Statistics.",
"TX.VAL.AGRI.ZS.UN","Agricultural raw materials exports (% of merchandise exports)","Agricultural raw materials comprise SITC section 2 (crude materials except fuels) excluding divisions 22, 27 (crude fertilizers and minerals excluding coal, petroleum, and precious stones), and 28 (metalliferous ores and scrap).","World Bank staff estimates from the Comtrade database maintained by the United Nations Statistics Division.",
"TX.VAL.FOOD.ZS.UN","Food exports (% of merchandise exports)","Food comprises the commodities in SITC sections 0 (food and live animals), 1 (beverages and tobacco), and 4 (animal and vegetable oils and fats) and SITC division 22 (oil seeds, oil nuts, and oil kernels).","World Bank staff estimates from the Comtrade database maintained by the United Nations Statistics Division.",
"TX.VAL.FUEL.ZS.UN","Fuel exports (% of merchandise exports)","Fuels comprise SITC section 3 (mineral fuels).","World Bank staff estimates from the Comtrade database maintained by the United Nations Statistics Division.",
"TX.VAL.ICTG.ZS.UN","ICT goods exports (% of total goods exports)","Information and communication technology goods exports include telecommunications, audio and video, computer and related equipment; electronic components; and other information and communication technology goods. Software is excluded.","United Nations Conference on Trade and Development's UNCTADstat database at http://unctadstat.unctad.org/ReportFolders/reportFolders.aspx.",
"TX.VAL.INSF.ZS.WT","Insurance and financial services (% of commercial service exports)","Insurance and financial services cover freight insurance on goods exported and other direct insurance such as life insurance; financial intermediation services such as commissions, foreign exchange transactions, and brokerage services; and auxiliary services such as financial market operational and regulatory services.","International Monetary Fund, Balance of Payments Statistics Yearbook and data files.",
"TX.VAL.MANF.ZS.UN","Manufactures exports (% of merchandise exports)","Manufactures comprise commodities in SITC sections 5 (chemicals), 6 (basic manufactures), 7 (machinery and transport equipment), and 8 (miscellaneous manufactured goods), excluding division 68 (non-ferrous metals).","World Bank staff estimates from the Comtrade database maintained by the United Nations Statistics Division.",
"TX.VAL.MMTL.ZS.UN","Ores and metals exports (% of merchandise exports)","Ores and metals comprise the commodities in SITC sections 27 (crude fertilizer, minerals nes); 28 (metalliferous ores, scrap); and 68 (non-ferrous metals).","World Bank staff estimates from the Comtrade database maintained by the United Nations Statistics Division.",
"TX.VAL.MRCH.AL.ZS","Merchandise exports to economies in the Arab World (% of total merchandise exports)","Merchandise exports to economies in the Arab World are the sum of merchandise exports by the reporting economy to economies in the Arab World. Data are expressed as a percentage of total merchandise exports by the economy. Data are computed only if at least half of the economies in the partner country group had non-missing data.","World Bank staff estimates based data from International Monetary Fund's Direction of Trade database.",
"TX.VAL.MRCH.CD.WT","Merchandise exports (current US$)","Merchandise exports show the f.o.b. value of goods provided to the rest of the world valued in current U.S. dollars.","World Trade Organization.",
"TX.VAL.MRCH.HI.ZS","Merchandise exports to high-income economies (% of total merchandise exports)","Merchandise exports to high-income economies are the sum of merchandise exports from the reporting economy to high-income economies according to the World Bank classification of economies. Data are expressed as a percentage of total merchandise exports by the economy. Data are computed only if at least half of the economies in the partner country group had non-missing data.","World Bank staff estimates based data from International Monetary Fund's Direction of Trade database.",
"TX.VAL.MRCH.OR.ZS","Merchandise exports to low- and middle-income economies outside region (% of total merchandise exports)","Merchandise exports to low- and middle-income economies outside region are the sum of merchandise exports from the reporting economy to other low- and middle-income economies in other World Bank regions according to the World Bank classification of economies. Data are expressed as a percentage of total merchandise exports by the economy. Data are computed only if at least half of the economies in the partner country group had non-missing data.","World Bank staff estimates based data from International Monetary Fund's Direction of Trade database.",
"TX.VAL.MRCH.R1.ZS","Merchandise exports to low- and middle-income economies in East Asia & Pacific (% of total merchandise exports)","Merchandise exports to low- and middle-income economies in East Asia and Pacific are the sum of merchandise exports from the reporting economy to low- and middle-income economies in the East Asia and Pacific region according to World Bank classification of economies. Data are as a percentage of total merchandise exports by the economy. Data are computed only if at least half of the economies in the partner country group had non-missing data.","World Bank staff estimates based data from International Monetary Fund's Direction of Trade database.",
"TX.VAL.MRCH.R2.ZS","Merchandise exports to low- and middle-income economies in Europe & Central Asia (% of total merchandise exports)","Merchandise exports to low- and middle-income economies in Europe and Central Asia are the sum of merchandise exports from the reporting economy to low- and middle-income economies in the Europe and Central Asia region according to World Bank classification of economies. Data are as a percentage of total merchandise exports by the economy. Data are computed only if at least half of the economies in the partner country group had non-missing data.","World Bank staff estimates based data from International Monetary Fund's Direction of Trade database.",
"TX.VAL.MRCH.R3.ZS","Merchandise exports to low- and middle-income economies in Latin America & the Caribbean (% of total merchandise exports)","Merchandise exports to low- and middle-income economies in Latin America and the Caribbean are the sum of merchandise exports from the reporting economy to low- and middle-income economies in the Latin America and the Caribbean region according to World Bank classification of economies. Data are as a percentage of total merchandise exports by the economy. Data are computed only if at least half of the economies in the partner country group had non-missing data.","World Bank staff estimates based data from International Monetary Fund's Direction of Trade database.",
"TX.VAL.MRCH.R4.ZS","Merchandise exports to low- and middle-income economies in Middle East & North Africa (% of total merchandise exports)","Merchandise exports to low- and middle-income economies in Middle East and North Africa are the sum of merchandise exports from the reporting economy to low- and middle-income economies in the Middle East and North Africa region according to World Bank classification of economies. Data are as a percentage of total merchandise exports by the economy. Data are computed only if at least half of the economies in the partner country group had non-missing data.","World Bank staff estimates based data from International Monetary Fund's Direction of Trade database.",
"TX.VAL.MRCH.R5.ZS","Merchandise exports to low- and middle-income economies in South Asia (% of total merchandise exports)","Merchandise exports to low- and middle-income economies in South Asia are the sum of merchandise exports from the reporting economy to low- and middle-income economies in the South Asia region according to World Bank classification of economies. Data are as a percentage of total merchandise exports by the economy. Data are computed only if at least half of the economies in the partner country group had non-missing data.","World Bank staff estimates based data from International Monetary Fund's Direction of Trade database.",
"TX.VAL.MRCH.R6.ZS","Merchandise exports to low- and middle-income economies in Sub-Saharan Africa (% of total merchandise exports)","Merchandise exports to low- and middle-income economies in Sub-Saharan Africa are the sum of merchandise exports from the reporting economy to low- and middle-income economies in the Sub-Saharan Africa region according to World Bank classification of economies. Data are as a percentage of total merchandise exports by the economy. Data are computed only if at least half of the economies in the partner country group had non-missing data.","World Bank staff estimates based data from International Monetary Fund's Direction of Trade database.",
"TX.VAL.MRCH.RS.ZS","Merchandise exports by the reporting economy, residual (% of total merchandise exports)","Merchandise exports by the reporting economy residuals are the total merchandise exports by the reporting economy to the rest of the world as reported in the IMF's Direction of trade database, less the sum of exports by the reporting economy to high-, low-, and middle-income economies according to the World Bank classification of economies. Includes trade with unspecified partners or with economies not covered by World Bank classification. Data are as a percentage of total merchandise exports by the economy.","World Bank staff estimates based data from International Monetary Fund's Direction of Trade database.",
"TX.VAL.MRCH.WL.CD","Merchandise exports by the reporting economy (current US$)","Merchandise exports by the reporting economy are the total merchandise exports by the reporting economy to the rest of the world, as reported in the IMF's Direction of trade database. Data are in current US$.","World Bank staff estimates based data from International Monetary Fund's Direction of Trade database.",
"TX.VAL.MRCH.WR.ZS","Merchandise exports to low- and middle-income economies within region (% of total merchandise exports)","Merchandise exports to low- and middle-income economies within region are the sum of merchandise exports from the reporting economy to other low- and middle-income economies in the same World Bank region as a percentage of total merchandise exports by the economy. Data are computed only if at least half of the economies in the partner country group had non-missing data. No figures are shown for high-income economies, because they are a separate category in the World Bank classification of economies.","World Bank staff estimates based data from International Monetary Fund's Direction of Trade database.",
"TX.VAL.MRCH.XD.WD","Export value index (2000 = 100)","Export values are the current value of exports (f.o.b.) converted to U.S. dollars and expressed as a percentage of the average for the base period (2000). UNCTAD's export value indexes are reported for most economies. For selected economies for which UNCTAD does not publish data, the export value indexes are derived from export volume indexes (line 72) and corresponding unit value indexes of exports (line 74) in the IMF's International Financial Statistics.","United Nations Conference on Trade and Development, Handbook of Statistics and data files, and International Monetary Fund, International Financial Statistics.",
"TX.VAL.OTHR.ZS.WT","Computer, communications and other services (% of commercial service exports)","Computer, communications and other services (% of commercial service exports) include such activities as international telecommunications, and postal and courier services; computer data; news-related service transactions between residents and nonresidents; construction services; royalties and license fees; miscellaneous business, professional, and technical services; and personal, cultural, and recreational services.","International Monetary Fund, Balance of Payments Statistics Yearbook and data files.",
"TX.VAL.SERV.CD.WT","Commercial service exports (current US$)","Commercial service exports are total service exports minus exports of government services not included elsewhere. International transactions in services are defined by the IMF's Balance of Payments Manual (1993) as the economic output of intangible commodities that may be produced, transferred, and consumed at the same time. Definitions may vary among reporting economies.","International Monetary Fund, Balance of Payments Statistics Yearbook and data files.",
"TX.VAL.TECH.CD","High-technology exports (current US$)","High-technology exports are products with high R&D intensity, such as in aerospace, computers, pharmaceuticals, scientific instruments, and electrical machinery. Data are in current U.S. dollars.","United Nations, Comtrade database.",
"TX.VAL.TECH.MF.ZS","High-technology exports (% of manufactured exports)","High-technology exports are products with high R&D intensity, such as in aerospace, computers, pharmaceuticals, scientific instruments, and electrical machinery.","United Nations, Comtrade database.",
"TX.VAL.TRAN.ZS.WT","Transport services (% of commercial service exports)","Transport services (% of commercial service exports) covers all transport services (sea, air, land, internal waterway, space, and pipeline) performed by residents of one economy for those of another and involving the carriage of passengers, movement of goods (freight), rental of carriers with crew, and related support and auxiliary services. Excluded are freight insurance, which is included in insurance services; goods procured in ports by nonresident carriers and repairs of transport equipment, which are included in goods; repairs of railway facilities, harbors, and airfield facilities, which are included in construction services; and rental of carriers without crew, which is included in other services.","International Monetary Fund, Balance of Payments Statistics Yearbook and data files.",
"TX.VAL.TRVL.ZS.WT","Travel services (% of commercial service exports)","Travel services (% of commercial service exports) covers goods and services acquired from an economy by travelers in that economy for their own use during visits of less than one year for business or personal purposes. Travel services include the goods and services consumed by travelers, such as lodging and meals and transport (within the economy visited).","International Monetary Fund, Balance of Payments Statistics Yearbook and data files.",
