﻿"INDICATOR_CODE","INDICATOR_NAME","SOURCE_NOTE","SOURCE_ORGANIZATION",
"SI.DST.02ND.20","Income share held by second 20%","Percentage share of income or consumption is the share that accrues to subgroups of population indicated by deciles or quintiles. Percentage shares by quintile may not sum to 100 because of rounding.","World Bank, Development Research Group. Data are based on primary household survey data obtained from government statistical agencies and World Bank country departments. Data for high-income economies are from the Luxembourg Income Study database. For more information and methodology, please see PovcalNet (http://iresearch.worldbank.org/PovcalNet/index.htm).",
"SI.DST.03RD.20","Income share held by third 20%","Percentage share of income or consumption is the share that accrues to subgroups of population indicated by deciles or quintiles. Percentage shares by quintile may not sum to 100 because of rounding.","World Bank, Development Research Group. Data are based on primary household survey data obtained from government statistical agencies and World Bank country departments. Data for high-income economies are from the Luxembourg Income Study database. For more information and methodology, please see PovcalNet (http://iresearch.worldbank.org/PovcalNet/index.htm).",
"SI.DST.04TH.20","Income share held by fourth 20%","Percentage share of income or consumption is the share that accrues to subgroups of population indicated by deciles or quintiles. Percentage shares by quintile may not sum to 100 because of rounding.","World Bank, Development Research Group. Data are based on primary household survey data obtained from government statistical agencies and World Bank country departments. Data for high-income economies are from the Luxembourg Income Study database. For more information and methodology, please see PovcalNet (http://iresearch.worldbank.org/PovcalNet/index.htm).",
"SI.DST.05TH.20","Income share held by highest 20%","Percentage share of income or consumption is the share that accrues to subgroups of population indicated by deciles or quintiles. Percentage shares by quintile may not sum to 100 because of rounding.","World Bank, Development Research Group. Data are based on primary household survey data obtained from government statistical agencies and World Bank country departments. Data for high-income economies are from the Luxembourg Income Study database. For more information and methodology, please see PovcalNet (http://iresearch.worldbank.org/PovcalNet/index.htm).",
"SI.DST.10TH.10","Income share held by highest 10%","Percentage share of income or consumption is the share that accrues to subgroups of population indicated by deciles or quintiles.","World Bank, Development Research Group. Data are based on primary household survey data obtained from government statistical agencies and World Bank country departments. Data for high-income economies are from the Luxembourg Income Study database. For more information and methodology, please see PovcalNet (http://iresearch.worldbank.org/PovcalNet/index.htm).",
"SI.DST.FRST.10","Income share held by lowest 10%","Percentage share of income or consumption is the share that accrues to subgroups of population indicated by deciles or quintiles.","World Bank, Development Research Group. Data are based on primary household survey data obtained from government statistical agencies and World Bank country departments. Data for high-income economies are from the Luxembourg Income Study database. For more information and methodology, please see PovcalNet (http://iresearch.worldbank.org/PovcalNet/index.htm).",
"SI.DST.FRST.20","Income share held by lowest 20%","Percentage share of income or consumption is the share that accrues to subgroups of population indicated by deciles or quintiles. Percentage shares by quintile may not sum to 100 because of rounding.","World Bank, Development Research Group. Data are based on primary household survey data obtained from government statistical agencies and World Bank country departments. Data for high-income economies are from the Luxembourg Income Study database. For more information and methodology, please see PovcalNet (http://iresearch.worldbank.org/PovcalNet/index.htm).",
"SI.POV.2DAY","Poverty headcount ratio at $3.10 a day (2011 PPP) (% of population)","Poverty headcount ratio at $3.10 a day is the percentage of the population living on less than $3.10 a day at 2011 international prices. As a result of revisions in PPP exchange rates, poverty rates for individual countries cannot be compared with poverty rates reported in earlier editions. Note: five countries -- Bangladesh, Cabo Verde, Cambodia, Jordan, and Lao PDR -- use the 2005 PPP conversion factors and corresponding $1.25 a day and $2 a day poverty lines. This is due to the large deviations in the rate of change in PPP factors relative to the rate of change in domestic consumer price indexes. See Box 1.1 in the Global Monitoring Report 2015/2016 (http://www.worldbank.org/en/publication/global-monitoring-report) for a detailed explanation.","World Bank, Development Research Group. Data are based on primary household survey data obtained from government statistical agencies and World Bank country departments. Data for high-income economies are from the Luxembourg Income Study database. For more information and methodology, please see PovcalNet (http://iresearch.worldbank.org/PovcalNet/index.htm).",
"SI.POV.DDAY","Poverty headcount ratio at $1.90 a day (2011 PPP) (% of population)","Poverty headcount ratio at $1.90 a day is the percentage of the population living on less than $1.90 a day at 2011 international prices. As a result of revisions in PPP exchange rates, poverty rates for individual countries cannot be compared with poverty rates reported in earlier editions. Note: five countries -- Bangladesh, Cabo Verde, Cambodia, Jordan, and Lao PDR -- use the 2005 PPP conversion factors and corresponding $1.25 a day and $2 a day poverty lines. This is due to the large deviations in the rate of change in PPP factors relative to the rate of change in domestic consumer price indexes. See Box 1.1 in the Global Monitoring Report 2015/2016 (http://www.worldbank.org/en/publication/global-monitoring-report) for a detailed explanation.","World Bank, Development Research Group. Data are based on primary household survey data obtained from government statistical agencies and World Bank country departments. Data for high-income economies are from the Luxembourg Income Study database. For more information and methodology, please see PovcalNet (http://iresearch.worldbank.org/PovcalNet/index.htm).",
"SI.POV.GAP2","Poverty gap at $3.10 a day (2011 PPP) (%)","Poverty gap at $3.10 a day (2011 PPP) is the mean shortfall in income or consumption from the poverty line $3.10 a day (counting the nonpoor as having zero shortfall), expressed as a percentage of the poverty line. This measure reflects the depth of poverty as well as its incidence. As a result of revisions in PPP exchange rates, poverty rates for individual countries cannot be compared with poverty rates reported in earlier editions. Note: five countries -- Bangladesh, Cabo Verde, Cambodia, Jordan, and Lao PDR -- use the 2005 PPP conversion factors and corresponding $1.25 a day and $2 a day poverty lines. This is due to the large deviations in the rate of change in PPP factors relative to the rate of change in domestic consumer price indexes. See Box 1.1 in the Global Monitoring Report 2015/2016 (http://www.worldbank.org/en/publication/global-monitoring-report) for a detailed explanation.","World Bank, Development Research Group. Data are based on primary household survey data obtained from government statistical agencies and World Bank country departments. Data for high-income economies are from the Luxembourg Income Study database. For more information and methodology, please see PovcalNet (http://iresearch.worldbank.org/PovcalNet/index.htm).",
"SI.POV.GAPS","Poverty gap at $1.90 a day (2011 PPP) (%)","Poverty gap at $1.90 a day (2011 PPP) is the mean shortfall in income or consumption from the poverty line $1.90 a day (counting the nonpoor as having zero shortfall), expressed as a percentage of the poverty line. This measure reflects the depth of poverty as well as its incidence. As a result of revisions in PPP exchange rates, poverty rates for individual countries cannot be compared with poverty rates reported in earlier editions. Note: five countries -- Bangladesh, Cabo Verde, Cambodia, Jordan, and Lao PDR -- use the 2005 PPP conversion factors and corresponding $1.25 a day and $2 a day poverty lines. This is due to the large deviations in the rate of change in PPP factors relative to the rate of change in domestic consumer price indexes. See Box 1.1 in the Global Monitoring Report 2015/2016 (http://www.worldbank.org/en/publication/global-monitoring-report) for a detailed explanation.","World Bank, Development Research Group. Data are based on primary household survey data obtained from government statistical agencies and World Bank country departments. Data for high-income economies are from the Luxembourg Income Study database. For more information and methodology, please see PovcalNet (http://iresearch.worldbank.org/PovcalNet/index.htm).",
"SI.POV.GINI","GINI index (World Bank estimate)","Gini index measures the extent to which the distribution of income (or, in some cases, consumption expenditure) among individuals or households within an economy deviates from a perfectly equal distribution. A Lorenz curve plots the cumulative percentages of total income received against the cumulative number of recipients, starting with the poorest individual or household. The Gini index measures the area between the Lorenz curve and a hypothetical line of absolute equality, expressed as a percentage of the maximum area under the line. Thus a Gini index of 0 represents perfect equality, while an index of 100 implies perfect inequality.","World Bank, Development Research Group. Data are based on primary household survey data obtained from government statistical agencies and World Bank country departments. For more information and methodology, please see PovcalNet (http://iresearch.worldbank.org/PovcalNet/index.htm).",
"SI.POV.NAGP","Poverty gap at national poverty lines (%)","Poverty gap at national poverty lines is the mean shortfall from the poverty lines (counting the nonpoor as having zero shortfall) as a percentage of the poverty lines. This measure reflects the depth of poverty as well as its incidence.","World Bank, Global Poverty Working Group. Data are compiled from official government sources or are computed by World Bank staff using national (i.e. country–specific) poverty lines.",
"SI.POV.NAHC","Poverty headcount ratio at national poverty lines (% of population)","National poverty headcount ratio is the percentage of the population living below the national poverty lines. National estimates are based on population-weighted subgroup estimates from household surveys.","World Bank, Global Poverty Working Group. Data are compiled from official government sources or are computed by World Bank staff using national (i.e. country–specific) poverty lines.",
"SI.POV.RUGP","Rural poverty gap at national poverty lines (%)","Rural poverty gap at national poverty lines is the rural population's mean shortfall from the poverty lines (counting the nonpoor as having zero shortfall) as a percentage of the poverty lines. This measure reflects the depth of poverty as well as its incidence.","World Bank, Global Poverty Working Group. Data are compiled from official government sources or are computed by World Bank staff using national (i.e. country–specific) poverty lines.",
"SI.POV.RUHC","Rural poverty headcount ratio at national poverty lines (% of rural population)","Rural poverty headcount ratio is the percentage of the rural population living below the national poverty lines.","World Bank, Global Poverty Working Group. Data are compiled from official government sources or are computed by World Bank staff using national (i.e. country–specific) poverty lines.",
"SI.POV.URGP","Urban poverty gap at national poverty lines (%)","Urban poverty gap at national poverty lines is the urban population's mean shortfall from the poverty lines (counting the nonpoor as having zero shortfall) as a percentage of the poverty lines. This measure reflects the depth of poverty as well as its incidence.","World Bank, Global Poverty Working Group. Data are compiled from official government sources or are computed by World Bank staff using national (i.e. country–specific) poverty lines.",
"SI.POV.URHC","Urban poverty headcount ratio at national poverty lines (% of urban population)","Urban poverty headcount ratio is the percentage of the urban population living below the national poverty lines.","World Bank, Global Poverty Working Group. Data are based on World Bank's country poverty assessments and country Poverty Reduction Strategies.",
"SI.SPR.PC40","Survey mean consumption or income per capita, bottom 40% of population (2011 PPP $ per day)","Mean consumption or income per capita (2011 PPP $ per day) used in calculating the growth rate in the welfare aggregate of the bottom 40% of the population in the income distribution in a country.","World Bank, Global Database of Shared Prosperity (GDSP) circa 2007 - 2012 (http://www.worldbank.org/en/topic/poverty/brief/global-database-of-shared-prosperity).",
"SI.SPR.PC40.05","Survey mean consumption or income per capita, bottom 40% of population (2005 PPP $ per day)","Mean consumption or income per capita (2005 PPP $ per day) used in calculating the growth rate in the welfare aggregate of the bottom 40% of the population in the income distribution in a country.","World Bank, Global Database of Shared Prosperity (GDSP) circa 2007 - 2012 (http://www.worldbank.org/en/topic/poverty/brief/global-database-of-shared-prosperity).",
"SI.SPR.PC40.ZG","Annualized average growth rate in per capita real survey mean consumption or income, bottom 40% of population (%)","The growth rate in the welfare aggregate of the bottom 40% is computed as the annualized average growth rate in per capita real consumption or income of the bottom 40% of the population in the income distribution in a country from household surveys over a roughly 5-year period. Mean per capita real consumption or income is measured at 2011 and 2005 Purchasing Power Parity (PPP) using the PovcalNet (http://iresearch.worldbank.org/PovcalNet). For some countries means are not reported due to grouped and/or confidential data. The annualized growth rate is computed as (Mean in final year/Mean in initial year)^(1/(Final year - Initial year)) - 1. The reference year is the year in which the underlying household survey data was collected. In cases where the data collection period bridged two calendar years, the first year in which data were collected is reported. The final year refers to the most recent survey available between 2010 and 2014. The initial year refers to the nearest survey collected 5 years before the most recent survey available, only surveys collected between 3 and 7 years before the most recent survey are considered. Growth rates for four countries – Bangladesh, Cambodia, Jordan, and Lao PDR – are based on survey means of 2005 PPP$. This is due to the large deviations in the rate of change in PPP factors relative to the rate of change in domestic consumer price indexes. See Box 1.1 in the Global Monitoring Report 2015/2016 (http://www.worldbank.org/en/publication/global-monitoring-report) for a detailed explanation.
","World Bank, Global Database of Shared Prosperity (GDSP) circa 2007 - 2012 (http://www.worldbank.org/en/topic/poverty/brief/global-database-of-shared-prosperity).",
"SI.SPR.PCAP","Survey mean consumption or income per capita, total population (2011 PPP $ per day)","Mean consumption or income per capita (2011 PPP $ per day) used in calculating the growth rate in the welfare aggregate of total population.","World Bank, Global Database of Shared Prosperity (GDSP) circa 2007 - 2012 (http://www.worldbank.org/en/topic/poverty/brief/global-database-of-shared-prosperity).",
"SI.SPR.PCAP.05","Survey mean consumption or income per capita, total population (2005 PPP $ per day)","Mean consumption or income per capita (2005 PPP $ per day) used in calculating the growth rate in the welfare aggregate of total population.","World Bank, Global Database of Shared Prosperity (GDSP) circa 2007 - 2012 (http://www.worldbank.org/en/topic/poverty/brief/global-database-of-shared-prosperity).",
"SI.SPR.PCAP.ZG","Annualized average growth rate in per capita real survey mean consumption or income, total population (%)","The growth rate in the welfare aggregate of the total population is computed as the annualized average growth rate in per capita real consumption or income of the total population in the income distribution in a country from household surveys over a roughly 5-year period. Mean per capita real consumption or income is measured at 2011 and 2005 Purchasing Power Parity (PPP) using the PovcalNet (http://iresearch.worldbank.org/PovcalNet). For some countries means are not reported due to grouped and/or confidential data. The annualized growth rate is computed as (Mean in final year/Mean in initial year)^(1/(Final year - Initial year)) - 1. The reference year is the year in which the underlying household survey data was collected. In cases where the data collection period bridged two calendar years, the first year in which data were collected is reported. The final year refers to the most recent survey available between 2010 and 2014. The initial year refers to the nearest survey collected 5 years before the most recent survey available, only surveys collected between 3 and 7 years before the most recent survey are considered. Growth rates for four countries – Bangladesh, Cambodia, Jordan, and Lao PDR – are based on survey means of 2005 PPP$. This is due to the large deviations in the rate of change in PPP factors relative to the rate of change in domestic consumer price indexes. See Box 1.1 in the Global Monitoring Report 2015/2016 (http://www.worldbank.org/en/publication/global-monitoring-report) for a detailed explanation.
","World Bank, Global Database of Shared Prosperity (GDSP) circa 2007 - 2012 (http://www.worldbank.org/en/topic/poverty/brief/global-database-of-shared-prosperity).",
