﻿"INDICATOR_CODE","INDICATOR_NAME","SOURCE_NOTE","SOURCE_ORGANIZATION",
"BM.GSR.ROYL.CD","Charges for the use of intellectual property, payments (BoP, current US$)","Charges for the use of intellectual property are payments and receipts between residents and nonresidents for the authorized use of proprietary rights (such as patents, trademarks, copyrights, industrial processes and designs including trade secrets, and franchises) and for the use, through licensing agreements, of produced originals or prototypes (such as copyrights on books and manuscripts, computer software, cinematographic works, and sound recordings) and related rights (such as for live performances and television, cable, or satellite broadcast). Data are in current U.S. dollars.","International Monetary Fund, Balance of Payments Statistics Yearbook and data files.",
"BX.GSR.ROYL.CD","Charges for the use of intellectual property, receipts (BoP, current US$)","Charges for the use of intellectual property are payments and receipts between residents and nonresidents for the authorized use of proprietary rights (such as patents, trademarks, copyrights, industrial processes and designs including trade secrets, and franchises) and for the use, through licensing agreements, of produced originals or prototypes (such as copyrights on books and manuscripts, computer software, cinematographic works, and sound recordings) and related rights (such as for live performances and television, cable, or satellite broadcast). Data are in current U.S. dollars.","International Monetary Fund, Balance of Payments Statistics Yearbook and data files.",
"GB.XPD.RSDV.GD.ZS","Research and development expenditure (% of GDP)","Expenditures for research and development are current and capital expenditures (both public and private) on creative work undertaken systematically to increase knowledge, including knowledge of humanity, culture, and society, and the use of knowledge for new applications. R&D covers basic research, applied research, and experimental development.","United Nations Educational, Scientific, and Cultural Organization (UNESCO) Institute for Statistics.",
"IP.JRN.ARTC.SC","Scientific and technical journal articles","Scientific and technical journal articles refer to the number of scientific and engineering articles published in the following fields: physics, biology, chemistry, mathematics, clinical medicine, biomedical research, engineering and technology, and earth and space sciences.","National Science Foundation, Science and Engineering Indicators.",
"IP.PAT.NRES","Patent applications, nonresidents","Patent applications are worldwide patent applications filed through the Patent Cooperation Treaty procedure or with a national patent office for exclusive rights for an invention--a product or process that provides a new way of doing something or offers a new technical solution to a problem. A patent provides protection for the invention to the owner of the patent for a limited period, generally 20 years.","World Intellectual Property Organization (WIPO), WIPO Patent Report: Statistics on Worldwide Patent Activity. The International Bureau of WIPO assumes no responsibility with respect to the transformation of these data.",
"IP.PAT.RESD","Patent applications, residents","Patent applications are worldwide patent applications filed through the Patent Cooperation Treaty procedure or with a national patent office for exclusive rights for an invention--a product or process that provides a new way of doing something or offers a new technical solution to a problem. A patent provides protection for the invention to the owner of the patent for a limited period, generally 20 years.","World Intellectual Property Organization (WIPO), WIPO Patent Report: Statistics on Worldwide Patent Activity. The International Bureau of WIPO assumes no responsibility with respect to the transformation of these data.",
"IP.TMK.NRES","Trademark applications, direct nonresident","Trademark applications filed are applications to register a trademark with a national or regional Intellectual Property (IP) office. A trademark is a distinctive sign which identifies certain goods or services as those produced or provided by a specific person or enterprise. A trademark provides protection to the owner of the mark by ensuring the exclusive right to use it to identify goods or services, or to authorize another to use it in return for payment. The period of protection varies, but a trademark can be renewed indefinitely beyond the time limit on payment of additional fees. Direct nonresident trademark applications are those filed by applicants from abroad directly at a given national IP office.","World Intellectual Property Organization (WIPO), WIPO Patent Report: Statistics on Worldwide Patent Activity. The International Bureau of WIPO assumes no responsibility with respect to the transformation of these data.",
"IP.TMK.RESD","Trademark applications, direct resident","Trademark applications filed are applications to register a trademark with a national or regional Intellectual Property (IP) office. A trademark is a distinctive sign which identifies certain goods or services as those produced or provided by a specific person or enterprise. A trademark provides protection to the owner of the mark by ensuring the exclusive right to use it to identify goods or services, or to authorize another to use it in return for payment. The period of protection varies, but a trademark can be renewed indefinitely beyond the time limit on payment of additional fees. Direct resident trademark applications are those filed by domestic applicants directly at a given national IP office.","World Intellectual Property Organization (WIPO), WIPO Patent Report: Statistics on Worldwide Patent Activity. The International Bureau of WIPO assumes no responsibility with respect to the transformation of these data.",
"IP.TMK.TOTL","Trademark applications, total","Trademark applications filed are applications to register a trademark with a national or regional Intellectual Property (IP) office. A trademark is a distinctive sign which identifies certain goods or services as those produced or provided by a specific person or enterprise. A trademark provides protection to the owner of the mark by ensuring the exclusive right to use it to identify goods or services, or to authorize another to use it in return for payment. The period of protection varies, but a trademark can be renewed indefinitely beyond the time limit on payment of additional fees.","World Intellectual Property Organization (WIPO), World Intellectual Property Indicators and www.wipo.int/econ_stat. The International Bureau of WIPO assumes no responsibility with respect to the transformation of these data.",
"SP.POP.SCIE.RD.P6","Researchers in R&D (per million people)","Researchers in R&D are professionals engaged in the conception or creation of new knowledge, products, processes, methods, or systems and in the management of the projects concerned. Postgraduate PhD students (ISCED97 level 6) engaged in R&D are included.","United Nations Educational, Scientific, and Cultural Organization (UNESCO) Institute for Statistics.",
"SP.POP.TECH.RD.P6","Technicians in R&D (per million people)","Technicians in R&D and equivalent staff are people whose main tasks require technical knowledge and experience in engineering, physical and life sciences (technicians), or social sciences and humanities (equivalent staff). They participate in R&D by performing scientific and technical tasks involving the application of concepts and operational methods, normally under the supervision of researchers.","United Nations Educational, Scientific, and Cultural Organization (UNESCO) Institute for Statistics.",
"TX.VAL.TECH.CD","High-technology exports (current US$)","High-technology exports are products with high R&D intensity, such as in aerospace, computers, pharmaceuticals, scientific instruments, and electrical machinery. Data are in current U.S. dollars.","United Nations, Comtrade database.",
"TX.VAL.TECH.MF.ZS","High-technology exports (% of manufactured exports)","High-technology exports are products with high R&D intensity, such as in aerospace, computers, pharmaceuticals, scientific instruments, and electrical machinery.","United Nations, Comtrade database.",
