﻿"INDICATOR_CODE","INDICATOR_NAME","SOURCE_NOTE","SOURCE_ORGANIZATION",
"AG.LND.EL5M.RU.K2","Rural land area where elevation is below 5 meters (sq. km)","Rural land area below 5m is the total rural land area in square kilometers where the elevation is 5 meters or less.","Center for International Earth Science Information Network (CIESIN)/Columbia University. 2013. Urban-Rural Population and Land Area Estimates Version 2. Palisades, NY: NASA Socioeconomic Data and Applications Center (SEDAC). http://sedac.ciesin.columbia.edu/data/set/lecz-urban-rural-population-land-area-estimates-v2.",
"AG.LND.EL5M.RU.ZS","Rural land area where elevation is below 5 meters (% of total land area)","Rural land area below 5m is the percentage of total land where the rural land elevation is 5 meters or less.","Center for International Earth Science Information Network (CIESIN)/Columbia University. 2013. Urban-Rural Population and Land Area Estimates Version 2. Palisades, NY: NASA Socioeconomic Data and Applications Center (SEDAC). http://sedac.ciesin.columbia.edu/data/set/lecz-urban-rural-population-land-area-estimates-v2.",
"AG.LND.EL5M.UR.K2","Urban land area where elevation is below 5 meters (sq. km)","Urban land area below 5m is the total urban land area in square kilometers where the elevation is 5 meters or less.","Center for International Earth Science Information Network (CIESIN)/Columbia University. 2013. Urban-Rural Population and Land Area Estimates Version 2. Palisades, NY: NASA Socioeconomic Data and Applications Center (SEDAC). http://sedac.ciesin.columbia.edu/data/set/lecz-urban-rural-population-land-area-estimates-v2.",
"AG.LND.EL5M.UR.ZS","Urban land area where elevation is below 5 meters (% of total land area)","Urban land area below 5m is the percentage of total land where the urban land elevation is 5 meters or less.","Center for International Earth Science Information Network (CIESIN)/Columbia University. 2013. Urban-Rural Population and Land Area Estimates Version 2. Palisades, NY: NASA Socioeconomic Data and Applications Center (SEDAC). http://sedac.ciesin.columbia.edu/data/set/lecz-urban-rural-population-land-area-estimates-v2.",
"AG.LND.EL5M.ZS","Land area where elevation is below 5 meters (% of total land area)","Land area below 5m is the percentage of total land where the elevation is 5 meters or less.","Center for International Earth Science Information Network (CIESIN)/Columbia University. 2013. Urban-Rural Population and Land Area Estimates Version 2. Palisades, NY: NASA Socioeconomic Data and Applications Center (SEDAC). http://sedac.ciesin.columbia.edu/data/set/lecz-urban-rural-population-land-area-estimates-v2.",
"AG.LND.FRST.K2","Forest area (sq. km)","Forest area is land under natural or planted stands of trees of at least 5 meters in situ, whether productive or not, and excludes tree stands in agricultural production systems (for example, in fruit plantations and agroforestry systems) and trees in urban parks and gardens.","Food and Agriculture Organization, electronic files and web site.",
"AG.LND.FRST.ZS","Forest area (% of land area)","Forest area is land under natural or planted stands of trees of at least 5 meters in situ, whether productive or not, and excludes tree stands in agricultural production systems (for example, in fruit plantations and agroforestry systems) and trees in urban parks and gardens.","Food and Agriculture Organization, electronic files and web site.",
"AG.LND.TOTL.RU.K2","Rural land area (sq. km)","Rural land area in square kilometers, derived from urban extent grids which distinguish urban and rural areas based on a combination of population counts (persons), settlement points, and the presence of Nighttime Lights. Areas are defined as urban where contiguous lighted cells from the Nighttime Lights or approximated urban extents based on buffered settlement points for which the total population is greater than 5,000 persons.","Center for International Earth Science Information Network (CIESIN)/Columbia University. 2013. Urban-Rural Population and Land Area Estimates Version 2. Palisades, NY: NASA Socioeconomic Data and Applications Center (SEDAC). http://sedac.ciesin.columbia.edu/data/set/lecz-urban-rural-population-land-area-estimates-v2.",
"AG.LND.TOTL.UR.K2","Urban land area (sq. km)","Urban land area in square kilometers, based on a combination of population counts (persons), settlement points, and the presence of Nighttime Lights. Areas are defined as urban where contiguous lighted cells from the Nighttime Lights or approximated urban extents based on buffered settlement points for which the total population is greater than 5,000 persons.","Center for International Earth Science Information Network (CIESIN)/Columbia University. 2013. Urban-Rural Population and Land Area Estimates Version 2. Palisades, NY: NASA Socioeconomic Data and Applications Center (SEDAC). http://sedac.ciesin.columbia.edu/data/set/lecz-urban-rural-population-land-area-estimates-v2.",
"AG.PRD.CREL.MT","Cereal production (metric tons)","Production data on cereals relate to crops harvested for dry grain only. Cereal crops harvested for hay or harvested green for food, feed, or silage and those used for grazing are excluded.","Food and Agriculture Organization, electronic files and web site.",
"EG.EGY.PRIM.PP.KD","Energy intensity level of primary energy (MJ/$2011 PPP GDP)
","Energy intensity level of primary energy is the ratio between energy supply and gross domestic product measured at purchasing power parity. Energy intensity is an indication of how much energy is used to produce one unit of economic output. Lower ratio indicates that less energy is used to produce one unit of output.
","© OECD/IEA and World Bank, based on IEA data in IEA World Energy Balances © OECD/IEA 2013 edition, subject to https://www.iea.org/t&c/termsandconditions/
",
"EG.ELC.ACCS.ZS","Access to electricity (% of population)","Access to electricity is the percentage of population with access to electricity. Electrification data are collected from industry, national surveys and international sources.","World Bank, Sustainable Energy for All (SE4ALL) database from World Bank, Global Electrification database.",
"EG.ELC.FOSL.ZS","Electricity production from oil, gas and coal sources (% of total)","Sources of electricity refer to the inputs used to generate electricity. Oil refers to crude oil and petroleum products. Gas refers to natural gas but excludes natural gas liquids. Coal refers to all coal and brown coal, both primary (including hard coal and lignite-brown coal) and derived fuels (including patent fuel, coke oven coke, gas coke, coke oven gas, and blast furnace gas). Peat is also included in this category.","IEA Statistics © OECD/IEA 2014 (http://www.iea.org/stats/index.asp), subject to https://www.iea.org/t&c/termsandconditions/",
"EG.ELC.RNEW.ZS","Renewable electricity output (% of total electricity output)
","Renewable electricity  is the share of electrity generated by renewable power plants in total electricity generated by all types of plants.
","© OECD/IEA and World Bank, based on IEA data in IEA World Energy Balances © OECD/IEA 2013 edition, subject to https://www.iea.org/t&c/termsandconditions/
",
"EG.ELC.RNWX.KH","Electricity production from renewable sources, excluding hydroelectric (kWh)","Electricity production from renewable sources, excluding hydroelectric, includes geothermal, solar, tides, wind, biomass, and biofuels.
","IEA Statistics © OECD/IEA 2014 (http://www.iea.org/stats/index.asp), subject to https://www.iea.org/t&c/termsandconditions/",
"EG.ELC.RNWX.ZS","Electricity production from renewable sources, excluding hydroelectric (% of total)","Electricity production from renewable sources, excluding hydroelectric, includes geothermal, solar, tides, wind, biomass, and biofuels.
","IEA Statistics © OECD/IEA 2014 (http://www.iea.org/stats/index.asp), subject to https://www.iea.org/t&c/termsandconditions/",
"EG.FEC.RNEW.ZS","Renewable energy consumption (% of total final energy consumption)
","Renewable energy consumption is the share of renewables energy in total final energy consumption.
","© OECD/IEA and World Bank, based on IEA data in IEA World Energy Balances © OECD/IEA 2013 edition, subject to https://www.iea.org/t&c/termsandconditions/
",
"EN.ATM.CO2E.EG.ZS","CO2 intensity (kg per kg of oil equivalent energy use)","Carbon dioxide emissions from solid fuel consumption refer mainly to emissions from use of coal as an energy source.","Carbon Dioxide Information Analysis Center, Environmental Sciences Division, Oak Ridge National Laboratory, Tennessee, United States.",
"EN.ATM.CO2E.GF.KT","CO2 emissions from gaseous fuel consumption (kt) ","Carbon dioxide emissions from liquid fuel consumption refer mainly to emissions from use of natural gas as an energy source.","Carbon Dioxide Information Analysis Center, Environmental Sciences Division, Oak Ridge National Laboratory, Tennessee, United States.",
"EN.ATM.CO2E.GF.ZS","CO2 emissions from gaseous fuel consumption (% of total) ","Carbon dioxide emissions from liquid fuel consumption refer mainly to emissions from use of natural gas as an energy source.","Carbon Dioxide Information Analysis Center, Environmental Sciences Division, Oak Ridge National Laboratory, Tennessee, United States.",
"EN.ATM.CO2E.KD.GD","CO2 emissions (kg per 2005 US$ of GDP)","Carbon dioxide emissions are those stemming from the burning of fossil fuels and the manufacture of cement. They include carbon dioxide produced during consumption of solid, liquid, and gas fuels and gas flaring.","Carbon Dioxide Information Analysis Center, Environmental Sciences Division, Oak Ridge National Laboratory, Tennessee, United States.",
"EN.ATM.CO2E.KT","CO2 emissions (kt)","Carbon dioxide emissions are those stemming from the burning of fossil fuels and the manufacture of cement. They include carbon dioxide produced during consumption of solid, liquid, and gas fuels and gas flaring.","Carbon Dioxide Information Analysis Center, Environmental Sciences Division, Oak Ridge National Laboratory, Tennessee, United States.",
"EN.ATM.CO2E.LF.KT","CO2 emissions from liquid fuel consumption (kt) ","Carbon dioxide emissions from liquid fuel consumption refer mainly to emissions from use of petroleum-derived fuels as an energy source.","Carbon Dioxide Information Analysis Center, Environmental Sciences Division, Oak Ridge National Laboratory, Tennessee, United States.",
"EN.ATM.CO2E.LF.ZS","CO2 emissions from liquid fuel consumption (% of total) ","Carbon dioxide emissions from liquid fuel consumption refer mainly to emissions from use of petroleum-derived fuels as an energy source.","Carbon Dioxide Information Analysis Center, Environmental Sciences Division, Oak Ridge National Laboratory, Tennessee, United States.",
"EN.ATM.CO2E.PC","CO2 emissions (metric tons per capita)","Carbon dioxide emissions are those stemming from the burning of fossil fuels and the manufacture of cement. They include carbon dioxide produced during consumption of solid, liquid, and gas fuels and gas flaring.","Carbon Dioxide Information Analysis Center, Environmental Sciences Division, Oak Ridge National Laboratory, Tennessee, United States.",
"EN.ATM.CO2E.PP.GD","CO2 emissions (kg per PPP $ of GDP)","Carbon dioxide emissions are those stemming from the burning of fossil fuels and the manufacture of cement. They include carbon dioxide produced during consumption of solid, liquid, and gas fuels and gas flaring.","Carbon Dioxide Information Analysis Center, Environmental Sciences Division, Oak Ridge National Laboratory, Tennessee, United States.",
"EN.ATM.CO2E.PP.GD.KD","CO2 emissions (kg per 2011 PPP $ of GDP)","Carbon dioxide emissions are those stemming from the burning of fossil fuels and the manufacture of cement. They include carbon dioxide produced during consumption of solid, liquid, and gas fuels and gas flaring.","Carbon Dioxide Information Analysis Center, Environmental Sciences Division, Oak Ridge National Laboratory, Tennessee, United States.",
"EN.ATM.CO2E.SF.KT","CO2 emissions from solid fuel consumption (kt) ","Carbon dioxide emissions from solid fuel consumption refer mainly to emissions from use of coal as an energy source.","Carbon Dioxide Information Analysis Center, Environmental Sciences Division, Oak Ridge National Laboratory, Tennessee, United States.",
"EN.ATM.CO2E.SF.ZS","CO2 emissions from solid fuel consumption (% of total)","Carbon dioxide emissions from solid fuel consumption refer mainly to emissions from use of coal as an energy source.","Carbon Dioxide Information Analysis Center, Environmental Sciences Division, Oak Ridge National Laboratory, Tennessee, United States.",
"EN.ATM.GHGO.KT.CE","Other greenhouse gas emissions, HFC, PFC and SF6 (thousand metric tons of CO2 equivalent)","Other greenhouse gas emissions are by-product emissions of hydrofluorocarbons, perfluorocarbons, and sulfur hexafluoride.","World Bank staff estimates from original source: European Commission, Joint Research Centre (JRC)/Netherlands Environmental Assessment Agency (PBL). Emission Database for Global Atmospheric Research (EDGAR): http://edgar.jrc.ec.europa.eu/.",
"EN.ATM.GHGO.ZG","Other greenhouse gas emissions (% change from 1990)","Other greenhouse gas emissions are by-product emissions of hydrofluorocarbons, perfluorocarbons, and sulfur hexafluoride. Each year of data shows the percentage change to that year from 1990.","World Bank staff estimates from original source: European Commission, Joint Research Centre (JRC)/Netherlands Environmental Assessment Agency (PBL). Emission Database for Global Atmospheric Research (EDGAR): http://edgar.jrc.ec.europa.eu/.",
"EN.ATM.GHGT.KT.CE","Total greenhouse gas emissions (kt of CO2 equivalent)","Total greenhouse gas emissions in kt of CO2 equivalent are composed of CO2 totals excluding short-cycle biomass burning (such as agricultural waste burning and Savannah burning) but including other biomass burning (such as forest fires, post-burn decay, peat fires and decay of drained peatlands), all anthropogenic CH4 sources, N2O sources and F-gases (HFCs, PFCs and SF6).","European Commission, Joint Research Centre (JRC)/Netherlands Environmental Assessment Agency (PBL). Emission Database for Global Atmospheric Research (EDGAR), EDGARv4.2 FT2012: http://edgar.jrc.ec.europa.eu/",
"EN.ATM.GHGT.ZG","Total greenhouse gas emissions (% change from 1990)","Total greenhouse gas emissions are composed of CO2 totals excluding short-cycle biomass burning (such as agricultural waste burning and Savannah burning) but including other biomass burning (such as forest fires, post-burn decay, peat fires and decay of drained peatlands), all anthropogenic CH4 sources, N2O sources and F-gases (HFCs, PFCs and SF6). Each year of data shows the percentage change to that year from 1990.","World Bank staff estimates from original source: European Commission, Joint Research Centre (JRC)/Netherlands Environmental Assessment Agency (PBL). Emission Database for Global Atmospheric Research (EDGAR): http://edgar.jrc.ec.europa.eu/.",
"EN.ATM.HFCG.KT.CE","HFC gas emissions (thousand metric tons of CO2 equivalent)","Hydrofluorocarbons, used as a replacement for chlorofluorocarbons, are used mainly in refrigeration and semiconductor manufacturing.","European Commission, Joint Research Centre (JRC)/Netherlands Environmental Assessment Agency (PBL). Emission Database for Global Atmospheric Research (EDGAR): http://edgar.jrc.ec.europa.eu/",
"EN.ATM.METH.AG.KT.CE","Agricultural methane emissions (thousand metric tons of CO2 equivalent)","Agricultural methane emissions are emissions from animals, animal waste, rice production, agricultural waste burning (nonenergy, on-site), and savannah burning.","European Commission, Joint Research Centre (JRC)/Netherlands Environmental Assessment Agency (PBL). Emission Database for Global Atmospheric Research (EDGAR): http://edgar.jrc.ec.europa.eu/",
"EN.ATM.METH.AG.ZS","Agricultural methane emissions (% of total)","Agricultural methane emissions are emissions from animals, animal waste, rice production, agricultural waste burning (nonenergy, on-site), and savannah burning.","World Bank staff estimates from original source: European Commission, Joint Research Centre (JRC)/Netherlands Environmental Assessment Agency (PBL). Emission Database for Global Atmospheric Research (EDGAR): http://edgar.jrc.ec.europa.eu/.",
"EN.ATM.METH.EG.KT.CE","Methane emissions in energy sector (thousand metric tons of CO2 equivalent)","Methane emissions from energy processes are emissions from the production, handling, transmission, and combustion of fossil fuels and biofuels.","European Commission, Joint Research Centre (JRC)/Netherlands Environmental Assessment Agency (PBL). Emission Database for Global Atmospheric Research (EDGAR): http://edgar.jrc.ec.europa.eu/",
"EN.ATM.METH.EG.ZS","Energy related methane emissions (% of total)","Methane emissions from energy processes are emissions from the production, handling, transmission, and combustion of fossil fuels and biofuels.","World Bank staff estimates from original source: European Commission, Joint Research Centre (JRC)/Netherlands Environmental Assessment Agency (PBL). Emission Database for Global Atmospheric Research (EDGAR): http://edgar.jrc.ec.europa.eu/.",
"EN.ATM.METH.KT.CE","Methane emissions (kt of CO2 equivalent)","Methane emissions are those stemming from human activities such as agriculture and from industrial methane production.","European Commission, Joint Research Centre (JRC)/Netherlands Environmental Assessment Agency (PBL). Emission Database for Global Atmospheric Research (EDGAR): http://edgar.jrc.ec.europa.eu/",
"EN.ATM.METH.ZG","Methane emissions (% change from 1990)","Methane emissions are those stemming from human activities such as agriculture and from industrial methane production. Each year of data shows the percentage change to that year from 1990.","World Bank staff estimates from original source: European Commission, Joint Research Centre (JRC)/Netherlands Environmental Assessment Agency (PBL). Emission Database for Global Atmospheric Research (EDGAR): http://edgar.jrc.ec.europa.eu/.",
"EN.ATM.NOXE.AG.KT.CE","Agricultural nitrous oxide emissions (thousand metric tons of CO2 equivalent)","Agricultural nitrous oxide emissions are emissions produced through fertilizer use (synthetic and animal manure), animal waste management, agricultural waste burning (nonenergy, on-site), and savannah burning.","European Commission, Joint Research Centre (JRC)/Netherlands Environmental Assessment Agency (PBL). Emission Database for Global Atmospheric Research (EDGAR): http://edgar.jrc.ec.europa.eu/",
"EN.ATM.NOXE.AG.ZS","Agricultural nitrous oxide emissions (% of total)","Agricultural nitrous oxide emissions are emissions produced through fertilizer use (synthetic and animal manure), animal waste management, agricultural waste burning (nonenergy, on-site), and savannah burning.","World Bank staff estimates from original source: European Commission, Joint Research Centre (JRC)/Netherlands Environmental Assessment Agency (PBL). Emission Database for Global Atmospheric Research (EDGAR): http://edgar.jrc.ec.europa.eu/.",
"EN.ATM.NOXE.EG.KT.CE","Nitrous oxide emissions in energy sector (thousand metric tons of CO2 equivalent)","Nitrous oxide emissions from energy processes are emissions produced by the combustion of fossil fuels and biofuels.","European Commission, Joint Research Centre (JRC)/Netherlands Environmental Assessment Agency (PBL). Emission Database for Global Atmospheric Research (EDGAR): http://edgar.jrc.ec.europa.eu/",
"EN.ATM.NOXE.EG.ZS","Nitrous oxide emissions in energy sector (% of total)","Nitrous oxide emissions from energy processes are emissions produced by the combustion of fossil fuels and biofuels.","World Bank staff estimates from original source: European Commission, Joint Research Centre (JRC)/Netherlands Environmental Assessment Agency (PBL). Emission Database for Global Atmospheric Research (EDGAR): http://edgar.jrc.ec.europa.eu/.",
"EN.ATM.NOXE.KT.CE","Nitrous oxide emissions (thousand metric tons of CO2 equivalent)","Nitrous oxide emissions are emissions from agricultural biomass burning, industrial activities, and livestock management.","European Commission, Joint Research Centre (JRC)/Netherlands Environmental Assessment Agency (PBL). Emission Database for Global Atmospheric Research (EDGAR): http://edgar.jrc.ec.europa.eu/",
"EN.ATM.NOXE.ZG","Nitrous oxide emissions (% change from 1990)","Nitrous oxide emissions are emissions from agricultural biomass burning, industrial activities, and livestock management. Each year of data shows the percentage change to that year from 1990.","World Bank staff estimates from original source: European Commission, Joint Research Centre (JRC)/Netherlands Environmental Assessment Agency (PBL). Emission Database for Global Atmospheric Research (EDGAR): http://edgar.jrc.ec.europa.eu/.",
"EN.ATM.PFCG.KT.CE","PFC gas emissions (thousand metric tons of CO2 equivalent)","Perfluorocarbons, used as a replacement for chlorofluorocarbons in manufacturing semiconductors, are a byproduct of aluminum smelting and uranium enrichment.","European Commission, Joint Research Centre (JRC)/Netherlands Environmental Assessment Agency (PBL). Emission Database for Global Atmospheric Research (EDGAR): http://edgar.jrc.ec.europa.eu/",
"EN.ATM.PM25.MC.M3","PM2.5 air pollution, mean annual exposure (micrograms per cubic meter)","Population-weighted exposure to ambient PM2.5 pollution is defined as the average level of exposure of a nation's population to concentrations of suspended particles measuring less than 2.5 microns in aerodynamic diameter, which are capable of penetrating deep into the respiratory tract and causing severe health damage. Exposure is calculated by weighting mean annual concentrations of PM2.5 by population in both urban and rural areas.","Brauer, M. et al. 2016. “Ambient Air Pollution Exposure Estimation for the Global Burden of Disease 2013.” Environmental Science & Technology 50, no. 1: 79–88.",
"EN.ATM.PM25.MC.ZS","PM2.5 air pollution, population exposed to levels exceeding WHO guideline value (% of total)","Percent of population exposed to ambient concentrations of PM2.5 that exceed the WHO guideline value is defined as the portion of a country’s population living in places where mean annual concentrations of PM2.5 are greater than 10 micrograms per cubic meter, the guideline value recommended by the World Health Organization as the lower end of the range of concentrations over which adverse health effects due to PM2.5 exposure have been observed.","Brauer, M. et al. 2016. “Ambient Air Pollution Exposure Estimation for the Global Burden of Disease 2013.” Environmental Science & Technology 50, no. 1: 79–88.",
"EN.ATM.SF6G.KT.CE","SF6 gas emissions (thousand metric tons of CO2 equivalent)","Sulfur hexafluoride is used largely to insulate high-voltage electric power equipment.","European Commission, Joint Research Centre (JRC)/Netherlands Environmental Assessment Agency (PBL). Emission Database for Global Atmospheric Research (EDGAR): http://edgar.jrc.ec.europa.eu/",
"EN.BIR.THRD.NO","Bird species, threatened","Birds are listed for countries included within their breeding or wintering ranges. Threatened species are the number of species classified by the IUCN as endangered, vulnerable, rare, indeterminate, out of danger, or insufficiently known.","United Nations Environmental Program and the World Conservation Monitoring Centre, and International Union for Conservation of Nature, Red List of Threatened Species.",
"EN.CLC.DRSK.XQ","Disaster risk reduction progress score (1-5 scale; 5=best)","Disaster risk reduction progress score is an average of self-assessment scores, ranging from 1 to 5, submitted by countries under Priority 1 of the Hyogo Framework National Progress Reports.  The Hyogo Framework is a global blueprint for disaster risk reduction efforts that was adopted by 168 countries in 2005.  Assessments of ""Priority 1"" include four indicators that reflect the degree to which countries have prioritized disaster risk reduction and the strengthening of relevant institutions.","(UNISDR, 2009-2011 Progress Reports, http://www.preventionweb.net/english/hyogo).",
"EN.CLC.GHGR.MT.CE","GHG net emissions/removals by LUCF (Mt of CO2 equivalent)","GHG net emissions/removals by LUCF refers to changes in atmospheric levels of all greenhouse gases attributable to forest and land-use change activities, including but not limited to (1) emissions and removals of CO2 from decreases or increases in biomass stocks due to forest management, logging, fuelwood collection, etc.; (2) conversion of existing forests and natural grasslands to other land uses; (3) removal of CO2 from the abandonment of formerly managed lands (e.g. croplands and pastures); and (4) emissions and removals of CO2 in soil associated with land-use change and management. For Annex-I countries under the UNFCCC, these data are drawn from the annual GHG inventories submitted to the UNFCCC by each country; for non-Annex-I countries, data are drawn from the most recently submitted National Communication where available.  Because of differences in reporting years and methodologies, these data are not generally considered comparable across countries. Data are in million metric tons.","United Nations Framework Convention on Climate Change.",
"EN.CLC.MDAT.ZS","Droughts, floods, extreme temperatures (% of population, average 1990-2009)","Droughts, floods and extreme temperatures is the annual average percentage of the population that is affected by natural disasters classified as either droughts, floods, or extreme temperature events.  A drought is an extended period of time characterized by a deficiency in a region's water supply that is the result of constantly below average precipitation. A drought can lead to losses to agriculture, affect inland navigation and hydropower plants, and cause a lack of drinking water and famine. A flood is a significant rise of water level in a stream, lake, reservoir or coastal region. Extreme temperature events are either cold waves or heat waves. A cold wave can be both a prolonged period of excessively cold weather and the sudden invasion of very cold air over a large area. Along with frost it can cause damage to agriculture, infrastructure, and property.  A heat wave is a prolonged period of excessively hot and sometimes also humid weather relative to normal climate patterns of a certain region. Population affected is the number of people injured, left homeless or requiring immediate assistance during a period of emergency resulting from a natural disaster; it can also include displaced or evacuated people. Average percentage of population affected is calculated by dividing the sum of total affected for the period stated by the sum of the annual population figures for the period stated.","EM-DAT: The OFDA/CRED International Disaster Database: www.emdat.be, Université Catholique de Louvain, Brussels (Belgium), World Bank.",
"EN.CO2.BLDG.ZS","CO2 emissions from residential buildings and commercial and public services (% of total fuel combustion)","CO2 emissions from residential buildings and commercial and public services contains all emissions from fuel combustion in households. This corresponds to IPCC Source/Sink Category 1 A 4 b. Commercial and public services includes emissions from all activities of ISIC Divisions 41, 50-52, 55, 63-67, 70-75, 80, 85, 90-93 and 99.","IEA Statistics © OECD/IEA 2014 (http://www.iea.org/stats/index.asp), subject to https://www.iea.org/t&c/termsandconditions/",
"EN.CO2.ETOT.ZS","CO2 emissions from electricity and heat production, total (% of total fuel combustion)","CO2 emissions from electricity and heat production is the sum of three IEA categories of CO2 emissions: (1) Main Activity Producer Electricity and Heat which contains the sum of emissions from main activity producer electricity generation, combined heat and power generation and heat plants. Main activity producers  (formerly known as public utilities) are defined as those undertakings whose primary activity is to supply the public. They may be publicly or privately owned. This corresponds to IPCC Source/Sink Category 1 A 1 a. For the CO2 emissions from fuel combustion (summary) file, emissions from own on-site use of fuel in power plants (EPOWERPLT) are also included. (2) Unallocated Autoproducers which contains the emissions from the generation of electricity and/or heat by autoproducers. Autoproducers are defined as undertakings that generate electricity and/or heat, wholly or partly for their own use as an activity which supports their primary activity. They may be privately or publicly owned. In the 1996 IPCC Guidelines, these emissions would normally be distributed between industry, transport and ""other"" sectors. (3) Other Energy Industries contains emissions from fuel combusted in petroleum refineries, for the manufacture of solid fuels, coal mining, oil and gas extraction and other energy-producing industries. This corresponds to the IPCC Source/Sink Categories 1 A 1 b and 1 A 1 c. According to the 1996 IPCC Guidelines, emissions from coke inputs to blast furnaces can either be counted here or in the Industrial Processes source/sink category. Within detailed sectoral calculations, certain non-energy processes can be distinguished. In the reduction of iron in a blast furnace through the combustion of coke, the primary purpose of the coke oxidation is to produce pig iron and the emissions can be considered as an industrial process. Care must be taken not to double count these emissions in both Energy and Industrial Processes. In the IEA estimations, these emissions have been included in this category.","IEA Statistics © OECD/IEA 2014 (http://www.iea.org/stats/index.asp), subject to https://www.iea.org/t&c/termsandconditions/",
"EN.CO2.MANF.ZS","CO2 emissions from manufacturing industries and construction (% of total fuel combustion)","CO2 emissions from manufacturing industries and construction contains the emissions from combustion of fuels in industry. The IPCC Source/Sink Category 1 A 2 includes these emissions. However, in the 1996 IPCC Guidelines, the IPCC category also includes emissions from industry autoproducers that generate electricity and/or heat. The IEA data are not collected in a way that allows the energy consumption to be split by specific end-use and therefore, autoproducers are shown as a separate item (Unallocated Autoproducers). Manufacturing industries and construction also includes emissions from coke inputs into blast furnaces, which may be reported either in the transformation sector, the industry sector or the separate IPCC Source/Sink Category 2, Industrial Processes.","IEA Statistics © OECD/IEA 2014 (http://www.iea.org/stats/index.asp), subject to https://www.iea.org/t&c/termsandconditions/",
"EN.CO2.OTHX.ZS","CO2 emissions from other sectors, excluding residential buildings and commercial and public services (% of total fuel combustion)","CO2 emissions from other sectors, less residential buildings and commercial and public services, contains the emissions from commercial/institutional activities, residential, agriculture/forestry, fishing and other emissions not specified elsewhere that are included in the IPCC Source/Sink Categories 1 A 4 and 1 A 5. In the 1996 IPCC Guidelines, the category also includes emissions from autoproducers in the commercial/residential/agricultural sectors that generate electricity and/or heat. The IEA data are not collected in a way that allows the energy consumption to be split by specific end-use and therefore, autoproducers are shown as a separate item (Unallocated Autoproducers).","IEA Statistics © OECD/IEA 2014 (http://www.iea.org/stats/index.asp), subject to https://www.iea.org/t&c/termsandconditions/",
"EN.CO2.TRAN.ZS","CO2 emissions from transport (% of total fuel combustion)","CO2 emissions from transport contains emissions from the combustion of fuel for all transport activity, regardless of the sector, except for international marine bunkers and international aviation. This includes domestic aviation, domestic navigation, road, rail and pipeline transport, and corresponds to IPCC Source/Sink Category 1 A 3. In addition, the IEA data are not collected in a way that allows the autoproducer consumption to be split by specific end-use and therefore, autoproducers are shown as a separate item (Unallocated Autoproducers).","IEA Statistics © OECD/IEA 2014 (http://www.iea.org/stats/index.asp), subject to https://www.iea.org/t&c/termsandconditions/",
"EN.FSH.THRD.NO","Fish species, threatened","Fish species are based on Froese, R. and Pauly, D. (eds). 2008. Threatened species are the number of species classified by the IUCN as endangered, vulnerable, rare, indeterminate, out of danger, or insufficiently known.","Froese, R. and Pauly, D. (eds). 2008. FishBase database, www.fishbase.org.",
"EN.HPT.THRD.NO","Plant species (higher), threatened","Higher plants are native vascular plant species. Threatened species are the number of species classified by the IUCN as endangered, vulnerable, rare, indeterminate, out of danger, or insufficiently known.","United Nations Environmental Program and the World Conservation Monitoring Centre, and International Union for Conservation of Nature, Red List of Threatened Species.",
"EN.MAM.THRD.NO","Mammal species, threatened","Mammal species are mammals excluding whales and porpoises. Threatened species are the number of species classified by the IUCN as endangered, vulnerable, rare, indeterminate, out of danger, or insufficiently known.","United Nations Environmental Program and the World Conservation Monitoring Centre, and International Union for Conservation of Nature, Red List of Threatened Species.",
"EN.POP.EL5M.RU.ZS","Rural population living in areas where elevation is below 5 meters (% of total population)","Rural population below 5m is the percentage of the total population, living in areas where the elevation is 5 meters or less.","Center for International Earth Science Information Network (CIESIN)/Columbia University. 2013. Urban-Rural Population and Land Area Estimates Version 2. Palisades, NY: NASA Socioeconomic Data and Applications Center (SEDAC). http://sedac.ciesin.columbia.edu/data/set/lecz-urban-rural-population-land-area-estimates-v2.",
"EN.POP.EL5M.UR.ZS","Urban population living in areas where elevation is below 5 meters (% of total population)","Urban population below 5m is the percentage of the total population, living in areas where the elevation is 5 meters or less.","Center for International Earth Science Information Network (CIESIN)/Columbia University. 2013. Urban-Rural Population and Land Area Estimates Version 2. Palisades, NY: NASA Socioeconomic Data and Applications Center (SEDAC). http://sedac.ciesin.columbia.edu/data/set/lecz-urban-rural-population-land-area-estimates-v2.",
"EN.POP.EL5M.ZS","Population living in areas where elevation is below 5 meters (% of total population)","Population below 5m is the percentage of the total population living in areas where the elevation is 5 meters or less.","Center for International Earth Science Information Network (CIESIN)/Columbia University. 2013. Urban-Rural Population and Land Area Estimates Version 2. Palisades, NY: NASA Socioeconomic Data and Applications Center (SEDAC). http://sedac.ciesin.columbia.edu/data/set/lecz-urban-rural-population-land-area-estimates-v2.",
"ER.BDV.TOTL.XQ","GEF benefits index for biodiversity (0 = no biodiversity potential to 100 = maximum)","GEF benefits index for biodiversity is a composite index of relative biodiversity potential for each country based on the species represented in each country, their threat status, and the diversity of habitat types in each country. The index has been normalized so that values run from 0 (no biodiversity potential) to 100 (maximum biodiversity potential).","Kiran Dev Pandey, Piet Buys, Ken Chomitz, and David Wheeler's, ""Biodiversity Conservation Indicators: New Tools for Priority Setting at the Global Environment Facility"" (2006).",
"ER.FSH.AQUA.MT","Aquaculture production (metric tons)","Aquaculture is understood to mean the farming of aquatic organisms including fish, molluscs, crustaceans and aquatic plants. Aquaculture production specifically refers to output from aquaculture activities, which are designated for final harvest for consumption.","Food and Agriculture Organization.",
"ER.FSH.CAPT.MT","Capture fisheries production (metric tons)","Capture fisheries production measures the volume of fish catches landed by a country for all commercial, industrial, recreational and subsistence purposes.","Food and Agriculture Organization.",
"ER.FSH.PROD.MT","Total fisheries production (metric tons)","Total fisheries production measures the volume of aquatic species caught by a country for all commercial, industrial, recreational and subsistence purposes. The harvest from mariculture, aquaculture and other kinds of fish farming is also included.","Food and Agriculture Organization.",
"ER.GDP.FWTL.M3.KD","Water productivity, total (constant 2005 US$ GDP per cubic meter of total freshwater withdrawal)","Water productivity is calculated as GDP in constant prices divided by annual total water withdrawal.","Food and Agriculture Organization, AQUASTAT data, and World Bank and OECD GDP estimates.",
"ER.LND.PTLD.ZS","Terrestrial protected areas (% of total land area)","Terrestrial protected areas are totally or partially protected areas of at least 1,000 hectares that are designated by national authorities as scientific reserves with limited public access, national parks, natural monuments, nature reserves or wildlife sanctuaries, protected landscapes, and areas managed mainly for sustainable use. Marine areas, unclassified areas, littoral (intertidal) areas, and sites protected under local or provincial law are excluded.","United Nations Environmental Program and the World Conservation Monitoring Centre, as compiled by the World Resources Institute, based on data from national authorities, national legislation and international agreements.",
"ER.MRN.PTMR.ZS","Marine protected areas (% of territorial waters)","Marine protected areas are areas of intertidal or subtidal terrain--and overlying water and associated flora and fauna and historical and cultural features--that have been reserved by law or other effective means to protect part or all of the enclosed environment.","United Nations Environmental Program and the World Conservation Monitoring Centre, as compiled by the World Resources Institute, based on data from national authorities, national legislation and international agreements.",
"ER.PTD.TOTL.ZS","Terrestrial and marine protected areas (% of total territorial area)","Terrestrial protected areas are totally or partially protected areas of at least 1,000 hectares that are designated by national authorities as scientific reserves with limited public access, national parks, natural monuments, nature reserves or wildlife sanctuaries, protected landscapes, and areas managed mainly for sustainable use. Marine protected areas are areas of intertidal or subtidal terrain--and overlying water and associated flora and fauna and historical and cultural features--that have been reserved by law or other effective means to protect part or all of the enclosed environment. Sites protected under local or provincial law are excluded.","United Nations Environmental Program and the World Conservation Monitoring Centre, as compiled by the World Resources Institute, based on data from national authorities, national legislation and international agreements.",
"NY.ADJ.AEDU.CD","Adjusted savings: education expenditure (current US$)","Education expenditure refers to the current operating expenditures in education, including wages and salaries and excluding capital investments in buildings and equipment.","World Bank staff estimates using data from the United Nations Statistics Division's Statistical Yearbook, and the UNESCO Institute for Statistics online database.",
"NY.ADJ.AEDU.GN.ZS","Adjusted savings: education expenditure (% of GNI)","Education expenditure refers to the current operating expenditures in education, including wages and salaries and excluding capital investments in buildings and equipment.","World Bank staff estimates using data from the United Nations Statistics Division's Statistical Yearbook, and the UNESCO Institute for Statistics online database.",
"NY.ADJ.DCO2.CD","Adjusted savings: carbon dioxide damage (current US$)","Carbon dioxide damage is estimated to be $20 per ton of carbon (the unit damage in 1995 U.S. dollars) times the number of tons of carbon emitted.","World Bank staff estimates based on Samuel Fankhauser's ""Valuing Climate Change: The Economics of the Greenhouse"" (1995).",
"NY.ADJ.DCO2.GN.ZS","Adjusted savings: carbon dioxide damage (% of GNI)","Carbon dioxide damage is estimated to be $20 per ton of carbon (the unit damage in 1995 U.S. dollars) times the number of tons of carbon emitted.","World Bank staff estimates based on Samuel Fankhauser's ""Valuing Climate Change: The Economics of the Greenhouse"" (1995).",
"NY.ADJ.DFOR.CD","Adjusted savings: net forest depletion (current US$)","Net forest depletion is calculated as the product of unit resource rents and the excess of roundwood harvest over natural growth.","World Bank staff estimates based on sources and methods in World Bank's ""The Changing Wealth of Nations: Measuring Sustainable Development in the New Millennium"" (2011).",
"NY.ADJ.DFOR.GN.ZS","Adjusted savings: net forest depletion (% of GNI)","Net forest depletion is calculated as the product of unit resource rents and the excess of roundwood harvest over natural growth.","World Bank staff estimates based on sources and methods in World Bank's ""The Changing Wealth of Nations: Measuring Sustainable Development in the New Millennium"" (2011).",
"NY.ADJ.DKAP.CD","Adjusted savings: consumption of fixed capital (current US$)","Consumption of fixed capital represents the replacement value of capital used up in the process of production.","World Bank staff estimates using data from the United Nations Statistics Division's National Accounts Statistics.",
"NY.ADJ.DKAP.GN.ZS","Adjusted savings: consumption of fixed capital (% of GNI)","Consumption of fixed capital represents the replacement value of capital used up in the process of production.","World Bank staff estimates using data from the United Nations Statistics Division's National Accounts Statistics.",
"NY.ADJ.DMIN.CD","Adjusted savings: mineral depletion (current US$)","Mineral depletion is the ratio of the value of the stock of mineral resources to the remaining reserve lifetime (capped at 25 years). It covers tin, gold, lead, zinc, iron, copper, nickel, silver, bauxite, and phosphate. ","World Bank staff estimates based on sources and methods in World Bank's ""The Changing Wealth of Nations: Measuring Sustainable Development in the New Millennium"" (2011).",
"NY.ADJ.DMIN.GN.ZS","Adjusted savings: mineral depletion (% of GNI)","Mineral depletion is the ratio of the value of the stock of mineral resources to the remaining reserve lifetime (capped at 25 years). It covers tin, gold, lead, zinc, iron, copper, nickel, silver, bauxite, and phosphate. ","World Bank staff estimates based on sources and methods in World Bank's ""The Changing Wealth of Nations: Measuring Sustainable Development in the New Millennium"" (2011).",
"NY.ADJ.DNGY.CD","Adjusted savings: energy depletion (current US$)","Energy depletion is the ratio of the value of the stock of energy resources to the remaining reserve lifetime (capped at 25 years). It covers coal, crude oil, and natural gas. ","World Bank staff estimates based on sources and methods in World Bank's ""The Changing Wealth of Nations: Measuring Sustainable Development in the New Millennium"" (2011).",
"NY.ADJ.DNGY.GN.ZS","Adjusted savings: energy depletion (% of GNI)","Energy depletion is the ratio of the value of the stock of energy resources to the remaining reserve lifetime (capped at 25 years). It covers coal, crude oil, and natural gas. ","World Bank staff estimates based on sources and methods in World Bank's ""The Changing Wealth of Nations: Measuring Sustainable Development in the New Millennium"" (2011).",
"NY.ADJ.DPEM.CD","Adjusted savings: particulate emission damage (current US$)","Particulate emissions damage is the damage due to exposure of a country's population to ambient concentrations of particulates measuring less than 2.5 microns in diameter (PM2.5) as well as indoor concentrations of air pollution in households cooking with solid fuels. Damages are calculated as productivity losses in the workforce due to premature death and illness.","Data on health impacts from exposure to ambient PM2.5 pollution and household air pollution are from the Global Burden of Disease 2010 study. Data are provided by the Institute for Health Metrics and Evaluation at the University of Washington.",
"NY.ADJ.DPEM.GN.ZS","Adjusted savings: particulate emission damage (% of GNI)","Particulate emissions damage is the damage due to exposure of a country's population to ambient concentrations of particulates measuring less than 2.5 microns in diameter (PM2.5) as well as indoor concentrations of air pollution in households cooking with solid fuels. Damages are calculated as productivity losses in the workforce due to premature death and illness.","Data on health impacts from exposure to ambient PM2.5 pollution and household air pollution are from the Global Burden of Disease 2010 study. Data are provided by the Institute for Health Metrics and Evaluation at the University of Washington.",
"NY.ADJ.ICTR.GN.ZS","Adjusted savings: gross savings (% of GNI)","Gross savings are the difference between gross national income and public and private consumption, plus net current transfers.","World Bank national accounts data files.",
"NY.ADJ.NNAT.CD","Adjusted savings: net national savings (current US$)","Net national savings are equal to gross national savings less the value of consumption of fixed capital.","World Bank staff estimates based on sources and methods in World Bank's ""The Changing Wealth of Nations: Measuring Sustainable Development in the New Millennium"" (2011).",
"NY.ADJ.NNAT.GN.ZS","Adjusted savings: net national savings (% of GNI)","Net national savings are equal to gross national savings less the value of consumption of fixed capital.","World Bank staff estimates based on sources and methods in World Bank's ""The Changing Wealth of Nations: Measuring Sustainable Development in the New Millennium"" (2011).",
"NY.ADJ.SVNG.CD","Adjusted net savings, including particulate emission damage (current US$)","Adjusted net savings are equal to net national savings plus education expenditure and minus energy depletion, mineral depletion, net forest depletion, and carbon dioxide and particulate emissions damage.","World Bank staff estimates based on sources and methods in World Bank's ""The Changing Wealth of Nations: Measuring Sustainable Development in the New Millennium"" (2011).",
"NY.ADJ.SVNG.GN.ZS","Adjusted net savings, including particulate emission damage (% of GNI)","Adjusted net savings are equal to net national savings plus education expenditure and minus energy depletion, mineral depletion, net forest depletion, and carbon dioxide and particulate emissions damage.","World Bank staff estimates based on sources and methods in World Bank's ""The Changing Wealth of Nations: Measuring Sustainable Development in the New Millennium"" (2011).",
"NY.ADJ.SVNX.CD","Adjusted net savings, excluding particulate emission damage (current US$)","Adjusted net savings are equal to net national savings plus education expenditure and minus energy depletion, mineral depletion, net forest depletion, and carbon dioxide. This series excludes particulate emissions damage.","World Bank staff estimates based on sources and methods in World Bank's ""The Changing Wealth of Nations: Measuring Sustainable Development in the New Millennium"" (2011).",
"NY.ADJ.SVNX.GN.ZS","Adjusted net savings, excluding particulate emission damage (% of GNI)","Adjusted net savings are equal to net national savings plus education expenditure and minus energy depletion, mineral depletion, net forest depletion, and carbon dioxide. This series excludes particulate emissions damage.","World Bank staff estimates based on sources and methods in World Bank's ""The Changing Wealth of Nations: Measuring Sustainable Development in the New Millennium"" (2011).",
"NY.GDP.COAL.RT.ZS","Coal rents (% of GDP)","Coal rents are the difference between the value of both hard and soft coal production at world prices and their total costs of production.","Estimates based on sources and methods described in ""The Changing Wealth of Nations: Measuring Sustainable Development in the New Millennium"" (World Bank, 2011).",
"NY.GDP.FRST.RT.ZS","Forest rents (% of GDP)","Forest rents are roundwood harvest times the product of average prices and a region-specific rental rate.","Estimates based on sources and methods described in ""The Changing Wealth of Nations: Measuring Sustainable Development in the New Millennium"" (World Bank, 2011).",
"NY.GDP.MINR.RT.ZS","Mineral rents (% of GDP)","Mineral rents are the difference between the value of production for a stock of minerals at world prices and their total costs of production. Minerals included in the calculation are tin, gold, lead, zinc, iron, copper, nickel, silver, bauxite, and phosphate.","Estimates based on sources and methods described in ""The Changing Wealth of Nations: Measuring Sustainable Development in the New Millennium"" (World Bank, 2011).",
"NY.GDP.NGAS.RT.ZS","Natural gas rents (% of GDP)","Natural gas rents are the difference between the value of natural gas production at world prices and total costs of production.","Estimates based on sources and methods described in ""The Changing Wealth of Nations: Measuring Sustainable Development in the New Millennium"" (World Bank, 2011).",
"NY.GDP.PETR.RT.ZS","Oil rents (% of GDP)","Oil rents are the difference between the value of crude oil production at world prices and total costs of production.","Estimates based on sources and methods described in ""The Changing Wealth of Nations: Measuring Sustainable Development in the New Millennium"" (World Bank, 2011).",
"NY.GDP.TOTL.RT.ZS","Total natural resources rents (% of GDP)","Total natural resources rents are the sum of oil rents, natural gas rents, coal rents (hard and soft), mineral rents, and forest rents.","Estimates based on sources and methods described in ""The Changing Wealth of Nations: Measuring Sustainable Development in the New Millennium"" (World Bank, 2011).",
