﻿"INDICATOR_CODE","INDICATOR_NAME","SOURCE_NOTE","SOURCE_ORGANIZATION",
"BM.KLT.DINV.WD.GD.ZS","Foreign direct investment, net outflows (% of GDP)","Foreign direct investment are the net inflows of investment to acquire a lasting management interest (10 percent or more of voting stock) in an enterprise operating in an economy other than that of the investor. It is the sum of equity capital, reinvestment of earnings, other long-term capital, and short-term capital as shown in the balance of payments. This series shows net outflows of investment from the reporting economy to the rest of the world and is divided by GDP.","International Monetary Fund, International Financial Statistics and Balance of Payments databases, World Bank, International Debt Statistics, and World Bank and OECD GDP estimates.",
"BM.TRF.PWKR.CD.DT","Personal remittances, paid (current US$)","Personal remittances comprise personal transfers and compensation of employees. Personal transfers consist of all current transfers in cash or in kind made or received by resident households to or from nonresident households. Personal transfers thus include all current transfers between resident and nonresident individuals. Compensation of employees refers to the income of border, seasonal, and other short-term workers who are employed in an economy where they are not resident and of residents employed by nonresident entities. Data are the sum of two items defined in the sixth edition of the IMF's Balance of Payments Manual: personal transfers and compensation of employees. Data are in current U.S. dollars. 
 ","World Bank staff estimates based on IMF balance of payments data.",
"BN.KLT.DINV.CD","Foreign direct investment, net (BoP, current US$)","Foreign direct investment are the net inflows of investment to acquire a lasting management interest (10 percent or more of voting stock) in an enterprise operating in an economy other than that of the investor. It is the sum of equity capital, reinvestment of earnings, other long-term capital, and short-term capital as shown in the balance of payments. This series shows total net FDI. In BPM6, financial account balances are calculated as the change in assets minus the change in liabilities. Net FDI outflows are assets and net FDI inflows are liabilities. Data are in current U.S. dollars.","International Monetary Fund, Balance of Payments Statistics Yearbook and data files.",
"BN.KLT.PTXL.CD","Portfolio Investment, net (BoP, current US$)","Portfolio investment covers transactions in equity securities and debt securities. Data are in current U.S. dollars.","International Monetary Fund, Balance of Payments Statistics Yearbook and data files.",
"BX.KLT.DINV.CD.WD","Foreign direct investment, net inflows (BoP, current US$)","Foreign direct investment refers to direct investment equity flows in the reporting economy. It is the sum of equity capital, reinvestment of earnings, and other capital. Direct investment is a category of cross-border investment associated with a resident in one economy having control or a significant degree of influence on the management of an enterprise that is resident in another economy. Ownership of 10 percent or more of the ordinary shares of voting stock is the criterion for determining the existence of a direct investment relationship. Data are in current U.S. dollars.","International Monetary Fund, Balance of Payments database, supplemented by data from the United Nations Conference on Trade and Development and official national sources.",
"BX.KLT.DINV.WD.GD.ZS","Foreign direct investment, net inflows (% of GDP)","Foreign direct investment are the net inflows of investment to acquire a lasting management interest (10 percent or more of voting stock) in an enterprise operating in an economy other than that of the investor. It is the sum of equity capital, reinvestment of earnings, other long-term capital, and short-term capital as shown in the balance of payments. This series shows net inflows (new investment inflows less disinvestment) in the reporting economy from foreign investors, and is divided by GDP.","International Monetary Fund, International Financial Statistics and Balance of Payments databases, World Bank, International Debt Statistics, and World Bank and OECD GDP estimates.",
"BX.KLT.DREM.CD.DT","Primary income on FDI, payments (current US$)","Primary income on foreign direct investment covers payments of direct investment income (debit side), which consist of income on equity (dividends, branch profits, and reinvested earnings) and income on the intercompany debt (interest). Data are in current U.S. dollars.","World Bank, International Debt Statistics.",
"BX.PEF.TOTL.CD.WD","Portfolio equity, net inflows (BoP, current US$)","Portfolio equity includes net inflows from equity securities other than those recorded as direct investment and including shares, stocks, depository receipts (American or global), and direct purchases of shares in local stock markets by foreign investors. Data are in current U.S. dollars.","International Monetary Fund, Balance of Payments database, and World Bank, International Debt Statistics.",
"BX.TRF.PWKR.CD","Personal transfers, receipts (BoP, current US$)","Personal transfers consist of all current transfers in cash or in kind made or received by resident households to or from nonresident households. Personal transfers thus include all current transfers between resident and nonresident individuals. Data are in current U.S. dollars.","International Monetary Fund, Balance of Payments Statistics Yearbook and data files.",
"BX.TRF.PWKR.CD.DT","Personal remittances, received (current US$)","Personal remittances comprise personal transfers and compensation of employees. Personal transfers consist of all current transfers in cash or in kind made or received by resident households to or from nonresident households. Personal transfers thus include all current transfers between resident and nonresident individuals. Compensation of employees refers to the income of border, seasonal, and other short-term workers who are employed in an economy where they are not resident and of residents employed by nonresident entities. Data are the sum of two items defined in the sixth edition of the IMF's Balance of Payments Manual: personal transfers and compensation of employees. Data are in current U.S. dollars.","World Bank staff estimates based on IMF balance of payments data.",
"BX.TRF.PWKR.DT.GD.ZS","Personal remittances, received (% of GDP)","Personal remittances comprise personal transfers and compensation of employees. Personal transfers consist of all current transfers in cash or in kind made or received by resident households to or from nonresident households. Personal transfers thus include all current transfers between resident and nonresident individuals. Compensation of employees refers to the income of border, seasonal, and other short-term workers who are employed in an economy where they are not resident and of residents employed by nonresident entities. Data are the sum of two items defined in the sixth edition of the IMF's Balance of Payments Manual: personal transfers and compensation of employees.
 ","World Bank staff estimates based on IMF balance of payments data, and World Bank and OECD GDP estimates.",
"CM.MKT.INDX.ZG","S&P Global Equity Indices (annual % change)","S&P Global Equity Indices measure the U.S. dollar price change in the stock markets covered by the S&P/IFCI and S&P/Frontier BMI country indices.","Standard & Poor's, Global Stock Markets Factbook and supplemental S&P data.",
"CM.MKT.LCAP.CD","Market capitalization of listed domestic companies (current US$)","Market capitalization (also known as market value) is the share price times the number of shares outstanding (including their several classes) for listed domestic companies. Investment funds, unit trusts, and companies whose only business goal is to hold shares of other listed companies are excluded. Data are end of year values converted to U.S. dollars using corresponding year-end foreign exchange rates.","World Federation of Exchanges database.",
"CM.MKT.LCAP.GD.ZS","Market capitalization of listed domestic companies (% of GDP)","Market capitalization (also known as market value) is the share price times the number of shares outstanding (including their several classes) for listed domestic companies. Investment funds, unit trusts, and companies whose only business goal is to hold shares of other listed companies are excluded. Data are end of year values.","World Federation of Exchanges database.",
"CM.MKT.LDOM.NO","Listed domestic companies, total","Listed domestic companies, including foreign companies which are exclusively listed, are those which have shares listed on an exchange at the end of the year. Investment funds, unit trusts, and companies whose only business goal is to hold shares of other listed companies, such as holding companies and investment companies, regardless of their legal status, are excluded. A company with several classes of shares is counted once. Only companies admitted to listing on the exchange are included.","World Federation of Exchanges database.",
"CM.MKT.TRAD.CD","Stocks traded, total value (current US$)","The value of shares traded is the total number of shares traded, both domestic and foreign, multiplied by their respective matching prices. Figures are single counted (only one side of the transaction is considered). Companies admitted to listing and admitted to trading are included in the data. Data are end of year values converted to U.S. dollars using corresponding year-end foreign exchange rates.","World Federation of Exchanges database.",
"CM.MKT.TRAD.GD.ZS","Stocks traded, total value (% of GDP)","The value of shares traded is the total number of shares traded, both domestic and foreign, multiplied by their respective matching prices. Figures are single counted (only one side of the transaction is considered). Companies admitted to listing and admitted to trading are included in the data. Data are end of year values.","World Federation of Exchanges database.",
"CM.MKT.TRNR","Stocks traded, turnover ratio of domestic shares (%)","Turnover ratio is the value of domestic shares traded divided by their market capitalization. The value is annualized by multiplying the monthly average by 12.","World Federation of Exchanges database.",
"DT.NFL.BOND.CD","Portfolio investment, bonds (PPG + PNG) (NFL, current US$)","Bonds are securities issued with a fixed rate of interest for a period of more than one year. They include net flows through cross-border public and publicly guaranteed and private nonguaranteed bond issues. Data are in current U.S. dollars.","World Bank, International Debt Statistics.",
"FB.AST.NPER.ZS","Bank nonperforming loans to total gross loans (%)","Bank nonperforming loans to total gross loans are the value of nonperforming loans divided by the total value of the loan portfolio (including nonperforming loans before the deduction of specific loan-loss provisions). The loan amount recorded as nonperforming should be the gross value of the loan as recorded on the balance sheet, not just the amount that is overdue.","International Monetary Fund, Global Financial Stability Report.",
"FB.ATM.TOTL.P5","Automated teller machines (ATMs) (per 100,000 adults)","Automated teller machines are computerized telecommunications devices that provide clients of a financial institution with access to financial transactions in a public place.","International Monetary Fund, Financial Access Survey.",
"FB.BNK.CAPA.ZS","Bank capital to assets ratio (%)","Bank capital to assets is the ratio of bank capital and reserves to total assets. Capital and reserves include funds contributed by owners, retained earnings, general and special reserves, provisions, and valuation adjustments. Capital includes tier 1 capital (paid-up shares and common stock), which is a common feature in all countries' banking systems, and total regulatory capital, which includes several specified types of subordinated debt instruments that need not be repaid if the funds are required to maintain minimum capital levels (these comprise tier 2 and tier 3 capital). Total assets include all nonfinancial and financial assets.","International Monetary Fund, Global Financial Stability Report.",
"FB.CBK.BRCH.P5","Commercial bank branches (per 100,000 adults)","Commercial bank branches are retail locations of resident commercial banks and other resident banks that function as commercial banks that provide financial services to customers and are physically separated from the main office but not organized as legally separated subsidiaries.","International Monetary Fund, Financial Access Survey.",
"FB.CBK.BRWR.P3","Borrowers from commercial banks (per 1,000 adults)","Borrowers from commercial banks are the reported number of resident customers that are nonfinancial corporations (public and private) and households who obtained loans from commercial banks and other banks functioning as commercial banks. For many countries data cover the total number of loan accounts due to lack of information on loan account holders.","International Monetary Fund, Financial Access Survey.",
"FB.CBK.DPTR.P3","Depositors with commercial banks (per 1,000 adults)","Depositors with commercial banks are the reported number of deposit account holders at commercial banks and other resident banks functioning as commercial banks  that are resident nonfinancial corporations (public and private) and households. For many countries data cover the total number of deposit accounts due to lack of information on account holders. The major types of deposits are checking accounts, savings accounts, and time deposits.","International Monetary Fund, Financial Access Survey.",
"FB.POS.TOTL.P5","Point-of-sale terminals (per 100,000 adults)","Point-of-sale terminals are the equipment used to manage the selling process by a salesperson-accessible interface in the location where a transaction takes place.","Consultative Group to Assist the Poor and the World Bank Group’s ""Financial Access 2010.""",
"FD.AST.PRVT.GD.ZS","Domestic credit to private sector by banks (% of GDP)","Domestic credit to private sector by banks refers to financial resources provided to the private sector by other depository corporations (deposit taking corporations except central banks), such as through loans, purchases of nonequity securities, and trade credits and other accounts receivable, that establish a claim for repayment. For some countries these claims include credit to public enterprises.","International Monetary Fund, International Financial Statistics and data files, and World Bank and OECD GDP estimates.",
"FD.RES.LIQU.AS.ZS","Bank liquid reserves to bank assets ratio (%)","Ratio of bank liquid reserves to bank assets is the ratio of domestic currency holdings and deposits with the monetary authorities to claims on other governments, nonfinancial public enterprises, the private sector, and other banking institutions.","International Monetary Fund, International Financial Statistics and data files.",
"FI.RES.TOTL.CD","Total reserves (includes gold, current US$)","Total reserves comprise holdings of monetary gold, special drawing rights, reserves of IMF members held by the IMF, and holdings of foreign exchange under the control of monetary authorities. The gold component of these reserves is valued at year-end (December 31) London prices. Data are in current U.S. dollars.","International Monetary Fund, International Financial Statistics and data files.",
"FM.AST.CGOV.ZG.M3","Claims on central government (annual growth as % of broad money)","Claims on central government (IFS line 32AN..ZK) include loans to central government institutions net of deposits.","International Monetary Fund, International Financial Statistics and data files.",
"FM.AST.DOMO.ZG.M3","Claims on other sectors of the domestic economy (annual growth as % of broad money)","Claims on other sectors of the domestic economy (IFS line 32S..ZK) include gross credit from the financial system to households, nonprofit institutions serving households, nonfinancial corporations, state and local governments, and social security funds.","International Monetary Fund, International Financial Statistics and data files.",
"FM.AST.DOMS.CN","Net domestic credit (current LCU)","Net domestic credit is the sum of net claims on the central government and claims on other sectors of the domestic economy (IFS line 32).  Data are in current local currency.","International Monetary Fund, International Financial Statistics and data files.",
"FM.AST.NFRG.CN","Net foreign assets (current LCU)","Net foreign assets are the sum of foreign assets held by monetary authorities and deposit money banks, less their foreign liabilities. Data are in current local currency.","International Monetary Fund, International Financial Statistics and data files.",
"FM.AST.PRVT.ZG.M3","Claims on private sector (annual growth as % of broad money)","Claims on private sector (IFS line 32D..ZK or 32D..ZF) include gross credit from the financial system to individuals, enterprises, nonfinancial public entities not included under net domestic credit, and financial institutions not included elsewhere.","International Monetary Fund, International Financial Statistics and data files.",
"FM.LBL.BMNY.CN","Broad money (current LCU)","Broad money (IFS line 35L..ZK) is the sum of currency outside banks; demand deposits other than those of the central government; the time, savings, and foreign currency deposits of resident sectors other than the central government; bank and traveler’s checks; and other securities such as certificates of deposit and commercial paper.","International Monetary Fund, International Financial Statistics and data files.",
"FM.LBL.BMNY.GD.ZS","Broad money (% of GDP)","Broad money (IFS line 35L..ZK) is the sum of currency outside banks; demand deposits other than those of the central government; the time, savings, and foreign currency deposits of resident sectors other than the central government; bank and traveler’s checks; and other securities such as certificates of deposit and commercial paper.","International Monetary Fund, International Financial Statistics and data files, and World Bank and OECD GDP estimates.",
"FM.LBL.BMNY.IR.ZS","Broad money to total reserves ratio","Broad money (IFS line 35L..ZK) is the sum of currency outside banks; demand deposits other than those of the central government; the time, savings, and foreign currency deposits of resident sectors other than the central government; bank and traveler’s checks; and other securities such as certificates of deposit and commercial paper.","International Monetary Fund, International Financial Statistics and data files.",
"FM.LBL.BMNY.ZG","Broad money growth (annual %)","Broad money (IFS line 35L..ZK) is the sum of currency outside banks; demand deposits other than those of the central government; the time, savings, and foreign currency deposits of resident sectors other than the central government; bank and traveler’s checks; and other securities such as certificates of deposit and commercial paper.","International Monetary Fund, International Financial Statistics and data files.",
"FM.LBL.MONY.CN","Money (current LCU)","Money is the sum of currency outside banks and demand deposits other than those of central government. This series, frequently referred to as M1 is a narrower definition of money than M2. Data are in current local currency.","International Monetary Fund, International Financial Statistics and data files.",
"FM.LBL.MQMY.CN","Money and quasi money (M2) (current LCU)","Money and quasi money comprise the sum of currency outside banks, demand deposits other than those of the central government, and the time, savings, and foreign currency deposits of resident sectors other than the central government. This definition of money supply is frequently called M2; it corresponds to lines 34 and 35 in the International Monetary Fund's (IMF) International Financial Statistics (IFS). Data are in current local currency.","International Monetary Fund, International Financial Statistics and data files.",
"FM.LBL.MQMY.GD.ZS","Money and quasi money (M2) as % of GDP","Money and quasi money comprise the sum of currency outside banks, demand deposits other than those of the central government, and the time, savings, and foreign currency deposits of resident sectors other than the central government. This definition of money supply is frequently called M2; it corresponds to lines 34 and 35 in the International Monetary Fund's (IMF) International Financial Statistics (IFS).","International Monetary Fund, International Financial Statistics and data files, and World Bank and OECD GDP estimates.",
"FM.LBL.MQMY.IR.ZS","Money and quasi money (M2) to total reserves ratio","Money and quasi money comprise the sum of currency outside banks, demand deposits other than those of the central government, and the time, savings, and foreign currency deposits of resident sectors other than the central government. This definition is frequently called M2; it corresponds to lines 34 and 35 in the International Monetary Fund's (IMF) International Financial Statistics (IFS). Total reserves comprise holdings of monetary gold, special drawing rights, reserves of IMF members held by the IMF, and holdings of foreign exchange under the control of monetary authorities. The gold component of these reserves is valued at year-end (December 31) London prices.","International Monetary Fund, International Financial Statistics and data files.",
"FM.LBL.MQMY.ZG","Money and quasi money growth (annual %)","Average annual growth rate in money and quasi money. Money and quasi money comprise the sum of currency outside banks, demand deposits other than those of the central government, and the time, savings, and foreign currency deposits of resident sectors other than the central government. This definition is frequently called M2; it corresponds to lines 34 and 35 in the International Monetary Fund's (IMF) International Financial Statistics (IFS). The change in the money supply is measured as the difference in end-of-year totals relative to the level of M2 in the preceding year.","International Monetary Fund, International Financial Statistics and data files.",
"FM.LBL.QMNY.CN","Quasi money (current LCU)","Quasi money refers to time, savings, and foreign currency deposits of resident sectors other than the central government.","International Monetary Fund, International Financial Statistics and data files.",
"FP.CPI.TOTL","Consumer price index (2010 = 100)","Consumer price index reflects changes in the cost to the average consumer of acquiring a basket of goods and services that may be fixed or changed at specified intervals, such as yearly. The Laspeyres formula is generally used. Data are period averages.","International Monetary Fund, International Financial Statistics and data files.",
"FP.WPI.TOTL","Wholesale price index (2010 = 100)","Wholesale price index refers to a mix of agricultural and industrial goods at various stages of production and distribution, including import duties. The Laspeyres formula is generally used.","International Monetary Fund, International Financial Statistics and data files.",
"FR.INR.DPST","Deposit interest rate (%)","Deposit interest rate is the rate paid by commercial or similar banks for demand, time, or savings deposits. The terms and conditions attached to these rates differ by country, however, limiting their comparability.","International Monetary Fund, International Financial Statistics and data files.",
"FR.INR.LEND","Lending interest rate (%)","Lending rate is the bank rate that usually meets the short- and medium-term financing needs of the private sector. This rate is normally differentiated according to creditworthiness of borrowers and objectives of financing. The terms and conditions attached to these rates differ by country, however, limiting their comparability.","International Monetary Fund, International Financial Statistics and data files.",
"FR.INR.LNDP","Interest rate spread (lending rate minus deposit rate, %)","Interest rate spread is the interest rate charged by banks on loans to private sector customers minus the interest rate paid by commercial or similar banks for demand, time, or savings deposits. The terms and conditions attached to these rates differ by country, however, limiting their comparability.","International Monetary Fund, International Financial Statistics and data files.",
"FR.INR.RINR","Real interest rate (%)","Real interest rate is the lending interest rate adjusted for inflation as measured by the GDP deflator. The terms and conditions attached to lending rates differ by country, however, limiting their comparability.","International Monetary Fund, International Financial Statistics and data files using World Bank data on the GDP deflator.",
"FR.INR.RISK","Risk premium on lending (lending rate minus treasury bill rate, %)","Risk premium on lending is the interest rate charged by banks on loans to private sector customers minus the ""risk free"" treasury bill interest rate at which short-term government securities are issued or traded in the market. In some countries this spread may be negative, indicating that the market considers its best corporate clients to be lower risk than the government. The terms and conditions attached to lending rates differ by country, however, limiting their comparability.","International Monetary Fund, International Financial Statistics database.",
"FS.AST.CGOV.GD.ZS","Claims on central government, etc. (% GDP)","Claims on central government (IFS line 52AN or 32AN) include loans to central government institutions net of deposits.","International Monetary Fund, International Financial Statistics and data files, and World Bank and OECD GDP estimates.",
"FS.AST.DOMO.GD.ZS","Claims on other sectors of the domestic economy (% of GDP)","Claims on other sectors of the domestic economy (IFS line 52S or 32S) include gross credit from the financial system to households, nonprofit institutions serving households, nonfinancial corporations, state and local governments, and social security funds.","International Monetary Fund, International Financial Statistics and data files, and World Bank and OECD GDP estimates.",
"FS.AST.DOMS.GD.ZS","Domestic credit provided by financial sector (% of GDP)","Domestic credit provided by the financial sector includes all credit to various sectors on a gross basis, with the exception of credit to the central government, which is net. The financial sector includes monetary authorities and deposit money banks, as well as other financial corporations where data are available (including corporations that do not accept transferable deposits but do incur such liabilities as time and savings deposits). Examples of other financial corporations are finance and leasing companies, money lenders, insurance corporations, pension funds, and foreign exchange companies.","International Monetary Fund, International Financial Statistics and data files, and World Bank and OECD GDP estimates.",
"FS.LBL.LIQU.GD.ZS","Liquid liabilities (M3) as % of GDP","Liquid liabilities are also known as M3. They are the sum of currency and deposits in the central bank (M0), plus transferable deposits and electronic currency (M1), plus time and savings deposits, foreign currency transferable deposits, certificates of deposit, and securities repurchase agreements (M2), plus travelers checks, foreign currency time deposits, commercial paper, and shares of mutual funds or market funds held by residents.","International Monetary Fund, International Financial Statistics and data files, and World Bank and OECD GDP estimates.",
"FS.LBL.QLIQ.GD.ZS","Quasi-liquid liabilities (% of GDP)","Quasi-liquid liabilities are the sum of currency and deposits in the central bank (M0), plus time and savings deposits, foreign currency transferable deposits, certificates of deposit, and securities repurchase agreements, plus travelers checks, foreign currency time deposits, commercial paper, and shares of mutual funds or market funds held by residents. They equal the M3 money supply less transferable deposits and electronic currency (M1).","International Monetary Fund, International Financial Statistics and data files, and World Bank and OECD GDP estimates.",
"IC.CRD.INFO.XQ","Depth of credit information index (0=low to 8=high)","Depth of credit information index measures rules affecting the scope, accessibility, and quality of credit information available through public or private credit registries. The index ranges from 0 to 8, with higher values indicating the availability of more credit information, from either a public registry or a private bureau, to facilitate lending decisions.","World Bank, Doing Business project (http://www.doingbusiness.org/).",
"IC.CRD.PRVT.ZS","Private credit bureau coverage (% of adults)","Private credit bureau coverage reports the number of individuals or firms listed by a private credit bureau with current information on repayment history, unpaid debts, or credit outstanding. The number is expressed as a percentage of the adult population.","World Bank, Doing Business project (http://www.doingbusiness.org/).",
"IC.CRD.PUBL.ZS","Public credit registry coverage (% of adults)","Public credit registry coverage reports the number of individuals and firms listed in a public credit registry with current information on repayment history, unpaid debts, or credit outstanding. The number is expressed as a percentage of the adult population.","World Bank, Doing Business project (http://www.doingbusiness.org/).",
"IC.LGL.CRED.XQ","Strength of legal rights index (0=weak to 12=strong)","Strength of legal rights index measures the degree to which collateral and bankruptcy laws protect the rights of borrowers and lenders and thus facilitate lending. The index ranges from 0 to 12, with higher scores indicating that these laws are better designed to expand access to credit.","World Bank, Doing Business project (http://www.doingbusiness.org/).",
"PA.NUS.ATLS","DEC alternative conversion factor (LCU per US$)","The DEC alternative conversion factor is the underlying annual exchange rate used for the World Bank Atlas method. As a rule, it is the official exchange rate reported in the IMF's International Financial Statistics (line rf). Exceptions arise where further refinements are made by World Bank staff. It is expressed in local currency units per U.S. dollar.","International Monetary Fund, International Financial Statistics, supplemented by World Bank staff estimates.",
"PA.NUS.FCRF","Official exchange rate (LCU per US$, period average)","Official exchange rate refers to the exchange rate determined by national authorities or to the rate determined in the legally sanctioned exchange market. It is calculated as an annual average based on monthly averages (local currency units relative to the U.S. dollar).","International Monetary Fund, International Financial Statistics.",
"PX.REX.REER","Real effective exchange rate index (2010 = 100)","Real effective exchange rate is the nominal effective exchange rate (a measure of the value of a currency against a weighted average of several foreign currencies) divided by a price deflator or index of costs.","International Monetary Fund, International Financial Statistics.",
"SI.RMT.COST.ZS","Average transaction cost of remittances (%)","Average transaction cost of remittances is the average of the total transaction cost in percentage for sending the local currency equivalent of US$ 200 charged by each single remittance service provider.","World Bank, Remittance Prices Worldwide, available at http://remittanceprices.worldbank.org",
"SM.EMI.TERT.ZS","Emigration rate of tertiary educated (% of total tertiary educated population)","Emigration rate of tertiary educated shows the stock of emigrants ages 25 and older, residing in an OECD country other than that in which they were born, with at least one year of tertiary education as a percentage of the population age 25 and older with tertiary education.","Frédéric Docquier, B. Lindsay Lowell, and Abdeslam Marfouk's , ""A Gendered Assessment of Highly Skilled Emigration"" (2009).",
"SM.POP.NETM","Net migration","Net migration is the net total of migrants during the period, that is, the total number of immigrants less the annual number of emigrants, including both citizens and noncitizens. Data are five-year estimates.","United Nations Population Division, World Population Prospects.",
"SM.POP.TOTL","International migrant stock, total","International migrant stock is the number of people born in a country other than that in which they live. It also includes refugees. The data used to estimate the international migrant stock at a particular time are obtained mainly from population censuses. The estimates are derived from the data on foreign-born population--people who have residence in one country but were born in another country. When data on the foreign-born population are not available, data on foreign population--that is, people who are citizens of a country other than the country in which they reside--are used as estimates. After the breakup of the Soviet Union in 1991 people living in one of the newly independent countries who were born in another were classified as international migrants. Estimates of migrant stock in the newly independent states from 1990 on are based on the 1989 census of the Soviet Union. For countries with information on the international migrant stock for at least two points in time, interpolation or extrapolation was used to estimate the international migrant stock on July 1 of the reference years. For countries with only one observation, estimates for the reference years were derived using rates of change in the migrant stock in the years preceding or following the single observation available. A model was used to estimate migrants for countries that had no data.","United Nations Population Division, Trends in Total Migrant Stock: 2012 Revision.",
"SM.POP.TOTL.ZS","International migrant stock (% of population)","International migrant stock is the number of people born in a country other than that in which they live. It also includes refugees. The data used to estimate the international migrant stock at a particular time are obtained mainly from population censuses. The estimates are derived from the data on foreign-born population--people who have residence in one country but were born in another country. When data on the foreign-born population are not available, data on foreign population--that is, people who are citizens of a country other than the country in which they reside--are used as estimates. After the breakup of the Soviet Union in 1991 people living in one of the newly independent countries who were born in another were classified as international migrants. Estimates of migrant stock in the newly independent states from 1990 on are based on the 1989 census of the Soviet Union. For countries with information on the international migrant stock for at least two points in time, interpolation or extrapolation was used to estimate the international migrant stock on July 1 of the reference years. For countries with only one observation, estimates for the reference years were derived using rates of change in the migrant stock in the years preceding or following the single observation available. A model was used to estimate migrants for countries that had no data.","United Nations Population Division, Trends in Total Migrant Stock: 2008 Revision.",
"WP_time_01.1","Account at a financial institution (% age 15+) [ts]","Denotes the percentage of respondents who report having an account (by themselves or together with someone else) at a bank or another type of financial institution (see year-specific definitions for details) (% age 15+). [ts: data are available for multiple waves].","Demirguc-Kunt et al., 2015",
"WP_time_01.2","Account at a financial institution, male (% age 15+) [ts]","Denotes the percentage of respondents who report having an account (by themselves or together with someone else) at a bank or another type of financial institution (see year-specific definitions for details) (male, % age 15+). [ts: data are available for multiple waves].","Demirguc-Kunt et al., 2015",
"WP_time_01.3","Account at a financial institution, female (% age 15+) [ts]","Denotes the percentage of respondents who report having an account (by themselves or together with someone else) at a bank or another type of financial institution (see year-specific definitions for details) (female, % age 15+). [ts: data are available for multiple waves].","Demirguc-Kunt et al., 2015",
"WP_time_01.8","Account at a financial institution, income, poorest 40% (% ages 15+) [ts]","Denotes the percentage of respondents who report having an account (by themselves or together with someone else) at a bank or another type of financial institution (see year-specific definitions for details) (income, poorest 40%, % age 15+). [ts: data are available for multiple waves].","Demirguc-Kunt et al., 2015",
"WP_time_01.9","Account at a financial institution, income, richest 60% (% ages 15+) [ts]","Denotes the percentage of respondents who report having an account (by themselves or together with someone else) at a bank or another type of financial institution (see year-specific definitions for details) (income, richest 60%, % age 15+). [ts: data are available for multiple waves].","Demirguc-Kunt et al., 2015",
"WP15163_4.1","Mobile account (% age 15+) [w2]","Denotes the percentage of respondents who report personally using a mobile phone to pay bills or to send or receive money through a GSM Association (GSMA) Mobile Money for the Unbanked (MMU) service in the past 12 months; or receiving wages, government transfers, or payments for agricultural products through a mobile phone in the past 12 months (% age 15+). [w2: data are available for wave 2].","Demirguc-Kunt et al., 2015",
"WP15163_4.2","Mobile account, male (% age 15+) [w2]","Denotes the percentage of respondents who report personally using a mobile phone to pay bills or to send or receive money through a GSM Association (GSMA) Mobile Money for the Unbanked (MMU) service in the past 12 months; or receiving wages, government transfers, or payments for agricultural products through a mobile phone in the past 12 months (male, % age 15+). [w2: data are available for wave 2].","Demirguc-Kunt et al., 2015",
"WP15163_4.3","Mobile account, female (% age 15+) [w2]","Denotes the percentage of respondents who report personally using a mobile phone to pay bills or to send or receive money through a GSM Association (GSMA) Mobile Money for the Unbanked (MMU) service in the past 12 months; or receiving wages, government transfers, or payments for agricultural products through a mobile phone in the past 12 months (female, % age 15+). [w2: data are available for wave 2].","Demirguc-Kunt et al., 2015",
"WP15163_4.8","Mobile account, income, poorest 40% (% ages 15+) [w2]","Denotes the percentage of respondents who report personally using a mobile phone to pay bills or to send or receive money through a GSM Association (GSMA) Mobile Money for the Unbanked (MMU) service in the past 12 months; or receiving wages, government transfers, or payments for agricultural products through a mobile phone in the past 12 months (income, poorest 40%, % age 15+). [w2: data are available for wave 2].","Demirguc-Kunt et al., 2015",
"WP15163_4.9","Mobile account, income, richest 60% (% ages 15+) [w2]","Denotes the percentage of respondents who report personally using a mobile phone to pay bills or to send or receive money through a GSM Association (GSMA) Mobile Money for the Unbanked (MMU) service in the past 12 months; or receiving wages, government transfers, or payments for agricultural products through a mobile phone in the past 12 months (income, richest 60%, % age 15+). [w2: data are available for wave 2].","Demirguc-Kunt et al., 2015",
