﻿"INDICATOR_CODE","INDICATOR_NAME","SOURCE_NOTE","SOURCE_ORGANIZATION",
"SG.VAW.ARGU.ZS","Women who believe a husband is justified in beating his wife when she argues with him (%)","Percentage of women ages 15-49 who believe a husband/partner is justified in hitting or beating his wife/partner when she argues with him.","Demographic and Health Surveys (DHS) and Multiple Indicator Cluster Surveys (MICS)",
"SG.VAW.BURN.ZS","Women who believe a husband is justified in beating his wife when she burns the food (%)","Percentage of women ages 15-49 who believe a husband/partner is justified in hitting or beating his wife/partner when she burns the food.","Demographic and Health Surveys (DHS) and Multiple Indicator Cluster Surveys (MICS)",
"SG.VAW.GOES.ZS","Women who believe a husband is justified in beating his wife when she goes out without telling him (%)","Percentage of women ages 15-49 who believe a husband/partner is justified in hitting or beating his wife/partner when she goes out without telling him.","Demographic and Health Surveys (DHS) and Multiple Indicator Cluster Surveys (MICS)",
"SG.VAW.MARR.ZS","Spousal physical or sexual violence in last 12 months (%)","Percentage of ever married women aged 15-49 who have experienced physical or sexual violence in last 12 months committed by their husband or partner","Demographic and Health Surveys (DHS)",
"SG.VAW.NEGL.ZS","Women who believe a husband is justified in beating his wife when she neglects the children (%)","Percentage of women ages 15-49 who believe a husband/partner is justified in hitting or beating his wife/partner when she neglects the children.","Demographic and Health Surveys (DHS) and Multiple Indicator Cluster Surveys (MICS)",
"SG.VAW.REAS.ZS","Women who believe a husband is justified in beating his wife (any of five reasons) (%)","Percentage of women ages 15-49 who believe a husband/partner is justified in hitting or beating his wife/partner for any of the following five reasons: argues with him; refuses to have sex; burns the food; goes out without telling him; or when she neglects the children.","Demographic and Health Surveys (DHS) and Multiple Indicator Cluster Surveys (MICS)",
"SG.VAW.REFU.ZS","Women who believe a husband is justified in beating his wife when she refuses sex with him (%)","Percentage of women ages 15-49 who believe a husband/partner is justified in hitting or beating his wife/partner when she refuses sex with him.","Demographic and Health Surveys (DHS) and Multiple Indicator Cluster Surveys (MICS)",
"SH.ANM.ALLW.ZS","Prevalence of anemia among women of reproductive age (% of women ages 15-49)","Prevalence of anemia among women of reproductive age refers to the combined prevalence of both non-pregnant with haemoglobin levels below 12 g/dL and pregnant women with haemoglobin levels below 11 g/dL.","Stevens GA et al. Global, regional, and national trends in hemoglobin concentration and prevalence of total and severe anemia in children and pregnant and non-pregnant women for 1995-2011: a systematic analysis of population-representative data. The Lancet Global Health 2013;1:e16-e25.",
"SH.ANM.CHLD.ZS","Prevalence of anemia among children (% of children under 5)","Prevalence of anemia, children under age 5, is the percentage of children under age 5 whose hemoglobin level is less than 110 grams per liter at sea level.","1. WHO. Global anemia prevalence and trends 1995-2011. Geneva: World Health Organization; forthcoming.  2. Stevens GA, Finucane MM, De-Regil LM, et al. Global, regional, and national trends in hemoglobin concentration and prevalence of total and severe anemia in children and pregnant and non-pregnant women for 1995-2011: a systematic analysis of population-representative data. The Lancet Global Health 2013; 1(1): e16-e25.",
"SH.ANM.NPRG.ZS","Prevalence of anemia among non-pregnant women (% of women ages 15-49)","Prevalence of anemia, non-pregnant women, is the percentage of non-pregnant women whose hemoglobin level is less than 120 grams per liter at sea level.","Stevens GA, Finucane MM, De-Regil LM, et al. Global, regional, and national trends in hemoglobin concentration and prevalence of total and severe anemia in children and pregnant and non-pregnant women for 1995-2011: a systematic analysis of population-representative data. The Lancet Global Health 2013; 1(1): e16-e25.",
"SH.CON.1524.FE.ZS","Condom use, population ages 15-24, female (% of females ages 15-24)","Condom use is the percentage of the population ages 15-24 who used a condom at last intercourse in the last 12 months.","Demographic and Health Surveys, and UNAIDS.",
"SH.CON.1524.MA.ZS","Condom use, population ages 15-24, male (% of males ages 15-24)","Condom use is the percentage of the population ages 15-24 who used a condom at last intercourse in the last 12 months.","Demographic and Health Surveys, and UNAIDS.",
"SH.DTH.COMM.ZS","Cause of death, by communicable diseases and maternal, prenatal and nutrition conditions (% of total)","Cause of death refers to the share of all deaths for all ages by underlying causes. Communicable diseases and maternal, prenatal and nutrition conditions include infectious and parasitic diseases, respiratory infections, and nutritional deficiencies such as underweight and stunting.","Derived based on the data from WHO's World Health Statistics.",
"SH.DTH.IMRT","Number of infant deaths","Number of infants dying before reaching one year of age.","Estimates developed by the UN Inter-agency Group for Child Mortality Estimation (UNICEF, WHO, World Bank, UN DESA Population Division) at www.childmortality.org.",
"SH.DTH.INJR.ZS","Cause of death, by injury (% of total)","Cause of death refers to the share of all deaths for all ages by underlying causes. Injuries include unintentional and intentional injuries.","Derived based on the data from WHO's World Health Statistics.",
"SH.DTH.MORT","Number of under-five deaths","Number of children dying before reaching age five.","Estimates developed by the UN Inter-agency Group for Child Mortality Estimation (UNICEF, WHO, World Bank, UN DESA Population Division) at www.childmortality.org.",
"SH.DTH.NCOM.ZS","Cause of death, by non-communicable diseases (% of total)","Cause of death refers to the share of all deaths for all ages by underlying causes. Non-communicable diseases include cancer, diabetes mellitus, cardiovascular diseases, digestive diseases, skin diseases, musculoskeletal diseases, and congenital anomalies.","Derived based on the data from WHO's World Health Statistics.",
"SH.DTH.NMRT","Number of neonatal deaths","Number of neonates dying before reaching 28 days of age.","Estimates developed by the UN Inter-agency Group for Child Mortality Estimation (UNICEF, WHO, World Bank, UN DESA Population Division) at www.childmortality.org.",
"SH.DYN.AIDS.FE.ZS","Women's share of population ages 15+ living with HIV (%)","Prevalence of HIV is the percentage of people who are infected with HIV. Female rate is as a percentage of the total population ages 15+ who are living with HIV.","UNAIDS estimates.",
"SH.DYN.AIDS.ZS","Prevalence of HIV, total (% of population ages 15-49)","Prevalence of HIV refers to the percentage of people ages 15-49 who are infected with HIV.","UNAIDS estimates.",
"SH.DYN.MORT","Mortality rate, under-5 (per 1,000)","Under-five mortality rate is the probability per 1,000 that a newborn baby will die before reaching age five, if subject to age-specific mortality rates of the specified year.","Estimates Developed by the UN Inter-agency Group for Child Mortality Estimation (UNICEF, WHO, World Bank, UN DESA Population Division) at www.childmortality.org. Data for 2015 onwards are projections and from United Nations Populatoin Division's World Pop",
"SH.DYN.MORT.FE","Mortality rate, under-5, female (per 1,000 live births)","Under-five mortality rate, female is the probability per 1,000 that a newborn female baby will die before reaching age five, if subject to female age-specific mortality rates of the specified year.","Estimates developed by the UN Inter-agency Group for Child Mortality Estimation (UNICEF, WHO, World Bank, UN DESA Population Division) at www.childmortality.org.",
"SH.DYN.MORT.MA","Mortality rate, under-5, male (per 1,000 live births)","Under-five mortality rate, male is the probability per 1,000 that a newborn male baby will die before reaching age five, if subject to male age-specific mortality rates of the specified year.","Estimates developed by the UN Inter-agency Group for Child Mortality Estimation (UNICEF, WHO, World Bank, UN DESA Population Division) at www.childmortality.org.",
"SH.DYN.NMRT","Mortality rate, neonatal (per 1,000 live births)","Neonatal mortality rate is the number of neonates dying before reaching 28 days of age, per 1,000 live births in a given year.","Estimates developed by the UN Inter-agency Group for Child Mortality Estimation (UNICEF, WHO, World Bank, UN DESA Population Division) at www.childmortality.org.",
"SH.FPL.SATM.ZS","Demand for family planning satisfied by modern methods (% of married women with demand for family planning)","Demand for family planning satisfied by modern methods refers to the percentage of married women ages 15-49 years whose need for family planning is satisfied with modern methods.","Demographic and Health Surveys (DHS).",
"SH.HIV.0014","Children (0-14) living with HIV","Children living with HIV refers to the number of children ages 0-14 who are infected with HIV.","UNAIDS estimates.",
"SH.HIV.1524.FE.ZS","Prevalence of HIV, female (% ages 15-24)","Prevalence of HIV is the percentage of people who are infected with HIV. Youth rates are as a percentage of the relevant age group.","UNAIDS estimates.",
"SH.HIV.1524.MA.ZS","Prevalence of HIV, male (% ages 15-24)","Prevalence of HIV is the percentage of people who are infected with HIV. Youth rates are as a percentage of the relevant age group.","UNAIDS estimates.",
"SH.HIV.ARTC.ZS","Antiretroviral therapy coverage (% of people living with HIV)","Antiretroviral therapy coverage indicates the percentage of all people living with HIV who are receiving antiretroviral therapy.","UNAIDS estimates.",
"SH.IMM.IDPT","Immunization, DPT (% of children ages 12-23 months)","Child immunization measures the percentage of children ages 12-23 months who received vaccinations before 12 months or at any time before the survey. A child is considered adequately immunized against diphtheria, pertussis (or whooping cough), and tetanus (DPT) after receiving three doses of vaccine.","WHO and UNICEF (http://www.who.int/immunization/monitoring_surveillance/en/).",
"SH.IMM.MEAS","Immunization, measles (% of children ages 12-23 months)","Child immunization measures the percentage of children ages 12-23 months who received vaccinations before 12 months or at any time before the survey. A child is considered adequately immunized against measles after receiving one dose of vaccine.","WHO and UNICEF (http://www.who.int/immunization/monitoring_surveillance/en/).",
"SH.MED.BEDS.ZS","Hospital beds (per 1,000 people)","Hospital beds include inpatient beds available in public, private, general, and specialized hospitals and rehabilitation centers. In most cases beds for both acute and chronic care are included.","Data are from the World Health Organization, supplemented by country data.",
"SH.MED.CMHW.P3","Community health workers (per 1,000 people)","Community health workers include various types of community health aides, many with country-specific occupational titles such as community health officers, community health-education workers, family health workers, lady health visitors and health extension package workers.","World Health Organization's Global Health Workforce Statistics, OECD, supplemented by country data.",
"SH.MED.NUMW.P3","Nurses and midwives (per 1,000 people)","Nurses and midwives include professional nurses, professional midwives, auxiliary nurses, auxiliary midwives, enrolled nurses, enrolled midwives and other associated personnel, such as dental nurses and primary care nurses.","World Health Organization's Global Health Workforce Statistics, OECD, supplemented by country data.",
"SH.MED.PHYS.ZS","Physicians (per 1,000 people)","Physicians include generalist and specialist medical practitioners.","World Health Organization's Global Health Workforce Statistics, OECD, supplemented by country data.",
"SH.MED.SAOP.P5","Specialist surgical workforce (per 100,000 population)","Specialist surgical workforce is the number of specialist surgical, anaesthetic, and obstetric (SAO) providers who are working in each country per 100,000 population.","The Lancet Commission on Global Surgery (www.lancetglobalsurgery.org).",
"SH.MLR.NETS.ZS","Use of insecticide-treated bed nets (% of under-5 population)","Use of insecticide-treated bed nets refers to the percentage of children under age five who slept under an insecticide-treated bednet to prevent malaria.","UNICEF, State of the World's Children, Childinfo, and Demographic and Health Surveys.",
"SH.MLR.TRET.ZS","Children with fever receiving antimalarial drugs (% of children under age 5 with fever)","Malaria treatment refers to the percentage of children under age five who were ill with fever in the last two weeks and received any appropriate (locally defined) anti-malarial drugs.","UNICEF, State of the World's Children, Childinfo, and Demographic and Health Surveys.",
"SH.MMR.DTHS","Number of maternal deaths","A maternal death refers to the death of a woman while pregnant or within 42 days of termination of pregnancy, irrespective of the duration and site of the pregnancy, from any cause related to or aggravated by the pregnancy or its management but not from accidental or incidental causes.","WHO, UNICEF, UNFPA, The World Bank, and the United Nations Population Division. Trends in Maternal Mortality: 1990 to 2015. Geneva, World Health Organization, 2015",
"SH.MMR.RISK","Lifetime risk of maternal death (1 in: rate varies by country)","Life time risk of maternal death is the probability that a 15-year-old female will die eventually from a maternal cause assuming that current levels of fertility and mortality (including maternal mortality) do not change in the future, taking into account competing causes of death. ","WHO, UNICEF, UNFPA, The World Bank, and the United Nations Population Division. Trends in Maternal Mortality: 1990 to 2015. Geneva, World Health Organization, 2015",
"SH.MMR.RISK.ZS","Lifetime risk of maternal death (%)","Life time risk of maternal death is the probability that a 15-year-old female will die eventually from a maternal cause assuming that current levels of fertility and mortality (including maternal mortality) do not change in the future, taking into account competing causes of death. ","WHO, UNICEF, UNFPA, The World Bank, and the United Nations Population Division. Trends in Maternal Mortality: 1990 to 2015. Geneva, World Health Organization, 2015",
"SH.PRG.ANEM","Prevalence of anemia among pregnant women (%)","Prevalence of anemia, pregnant women, is the percentage of pregnant women whose hemoglobin level is less than 110 grams per liter at sea level.","1. WHO. Global anemia prevalence and trends 1995-2011. Geneva: World Health Organization; forthcoming.  2. Stevens GA, Finucane MM, De-Regil LM, et al. Global, regional, and national trends in hemoglobin concentration and prevalence of total and severe anemia in children and pregnant and non-pregnant women for 1995-2011: a systematic analysis of population-representative data. The Lancet Global Health 2013; 1(1): e16-e25.",
"SH.PRV.SMOK.FE","Smoking prevalence, females (% of adults)","Prevalence of smoking, female is the percentage of women ages 15 and over who smoke any form of tobacco, including cigarettes, cigars, pipes or any other smoked tobacco products. Data include daily and non-daily or occasional smoking.
","World Health Organization, Global Health Observatory Data Repository (http://apps.who.int/ghodata/).",
"SH.PRV.SMOK.MA","Smoking prevalence, males (% of adults)","Prevalence of smoking, male is the percentage of men ages 15 and over who smoke any form of tobacco, including cigarettes, cigars, pipes or any other smoked tobacco products. Data include daily and non-daily or occasional smoking.
","World Health Organization, Global Health Observatory Data Repository (http://apps.who.int/ghodata/).",
"SH.SGR.CRSK.ZS","Risk of catastrophic expenditure for surgical care (% of people at risk)","The proportion of population at risk of catastrophic expenditure when surgical care is required. Catastrophic expenditure is definined as direct out of pocket payments for surgical and anaesthesia care exceeding 10% of total income.","The Lancet Commission on Global Surgery (www.lancetglobalsurgery.org).",
"SH.SGR.IRSK.ZS","Risk of impoverishing expenditure for surgical care (% of people at risk)","The proportion of population at risk of impoverishing expenditure when surgical care is required. Impoverishing expenditure is definined as direct out of pocket payments for surgical and anaesthesia care which drive people below a poverty threshold (using a threshold of $1.25 PPP/day).","The Lancet Commission on Global Surgery (www.lancetglobalsurgery.org).",
"SH.SGR.PROC.P5","Number of surgical procedures (per 100,000 population)","The number of procedures undertaken in an operating theatre per 100,000 population per year in each country. A procedure is defined as the incision, excision, or manipulation of tissue that needs regional or general anaesthesia, or profound sedation to control pain.","The Lancet Commission on Global Surgery (www.lancetglobalsurgery.org).",
"SH.STA.ACSN","Improved sanitation facilities (% of population with access)","Access to improved sanitation facilities refers to the percentage of the population using improved sanitation facilities. Improved sanitation facilities are likely to ensure hygienic separation of human excreta from human contact. They include flush/pour flush (to piped sewer system, septic tank, pit latrine), ventilated improved pit (VIP) latrine, pit latrine with slab, and composting toilet.","WHO/UNICEF Joint Monitoring Programme (JMP) for Water Supply and Sanitation (http://www.wssinfo.org/).",
"SH.STA.ACSN.RU","Improved sanitation facilities, rural (% of rural population with access)","Access to improved sanitation facilities refers to the percentage of the population using improved sanitation facilities. Improved sanitation facilities are likely to ensure hygienic separation of human excreta from human contact. They include flush/pour flush (to piped sewer system, septic tank, pit latrine), ventilated improved pit (VIP) latrine, pit latrine with slab, and composting toilet.","WHO/UNICEF Joint Monitoring Programme (JMP) for Water Supply and Sanitation (http://www.wssinfo.org/).",
"SH.STA.ACSN.UR","Improved sanitation facilities, urban (% of urban population with access)","Access to improved sanitation facilities refers to the percentage of the population using improved sanitation facilities. Improved sanitation facilities are likely to ensure hygienic separation of human excreta from human contact. They include flush/pour flush (to piped sewer system, septic tank, pit latrine), ventilated improved pit (VIP) latrine, pit latrine with slab, and composting toilet.","WHO/UNICEF Joint Monitoring Programme (JMP) for Water Supply and Sanitation (http://www.wssinfo.org/).",
"SH.STA.ANVC.ZS","Pregnant women receiving prenatal care (%)","Pregnant women receiving prenatal care are the percentage of women attended at least once during pregnancy by skilled health personnel for reasons related to pregnancy.","UNICEF, State of the World's Children, Childinfo, and Demographic and Health Surveys.",
"SH.STA.ARIC.ZS","ARI treatment (% of children under 5 taken to a health provider)","Children with acute respiratory infection (ARI) who are taken to a health provider refers to the percentage of children under age five with ARI in the last two weeks who were taken to an appropriate health provider, including hospital, health center, dispensary, village health worker, clinic, and private physician.","UNICEF, State of the World's Children, Childinfo, and Demographic and Health Surveys.",
"SH.STA.BFED.ZS","Exclusive breastfeeding (% of children under 6 months)","Exclusive breastfeeding refers to the percentage of children less than six months old who are fed breast milk alone (no other liquids) in the past 24 hours.","UNICEF, State of the World's Children, Childinfo, and Demographic and Health Surveys.",
"SH.STA.BRTC.ZS","Births attended by skilled health staff (% of total)","Births attended by skilled health staff are the percentage of deliveries attended by personnel trained to give the necessary supervision, care, and advice to women during pregnancy, labor, and the postpartum period; to conduct deliveries on their own; and to care for newborns.","UNICEF, State of the World's Children, Childinfo, and Demographic and Health Surveys.",
"SH.STA.BRTW.ZS","Low-birthweight babies (% of births)","Low-birthweight babies are newborns weighing less than 2,500 grams, with the measurement taken within the first hours of life, before significant postnatal weight loss has occurred.","UNICEF, State of the World's Children, Childinfo, and Demographic and Health Surveys.",
"SH.STA.DIAB.ZS","Diabetes prevalence (% of population ages 20 to 79)","Diabetes prevalence refers to the percentage of people ages 20-79 who have type 1 or type 2 diabetes.","International Diabetes Federation, Diabetes Atlas.",
"SH.STA.FGMS.ZS","Female genital mutilation prevalence (%)","Percentage of women aged 15–49 who have gone through partial or total removal of the female external genitalia or other injury to the female genital organs for cultural or other non-therapeutic reasons.","UNICEF Childinfo (childinfo.org).",
"SH.STA.MALN.FE.ZS","Prevalence of underweight, weight for age, female (% of children under 5)","Prevalence of underweight children is the percentage of children under age 5 whose weight for age is more than two standard deviations below the median for the international reference population ages 0-59 months. The data are based on the WHO's new child growth standards released in 2006.","World Health Organization, Global Database on Child Growth and Malnutrition. Country-level data are unadjusted data from national surveys, and thus may not be comparable across countries.",
"SH.STA.MALN.MA.ZS","Prevalence of underweight, weight for age, male (% of children under 5)","Prevalence of underweight children is the percentage of children under age 5 whose weight for age is more than two standard deviations below the median for the international reference population ages 0-59 months. The data are based on the WHO's new child growth standards released in 2006.","World Health Organization, Global Database on Child Growth and Malnutrition. Country-level data are unadjusted data from national surveys, and thus may not be comparable across countries.",
"SH.STA.MALN.ZS","Prevalence of underweight, weight for age (% of children under 5)","Prevalence of underweight children is the percentage of children under age 5 whose weight for age is more than two standard deviations below the median for the international reference population ages 0-59 months. The data are based on the WHO's new child growth standards released in 2006.","World Health Organization, Global Database on Child Growth and Malnutrition. Country-level data are unadjusted data from national surveys, and thus may not be comparable across countries. Adjusted, comparable data are available at http://www.who.int/nutgrowthdb/en. Aggregation is based on UNICEF, WHO, and the World Bank harmonized dataset (adjusted, comparable data) and methodology.",
"SH.STA.MMRT","Maternal mortality ratio (modeled estimate, per 100,000 live births)","Maternal mortality ratio is the number of women who die from pregnancy-related causes while pregnant or within 42 days of pregnancy termination per 100,000 live births. The data are estimated with a regression model using information on the proportion of maternal deaths among non-AIDS deaths in women ages 15-49, fertility, birth attendants, and GDP.","WHO, UNICEF, UNFPA, The World Bank, and the United Nations Population Division. Trends in Maternal Mortality: 1990 to 2015. Geneva, World Health Organization, 2015",
"SH.STA.MMRT.NE","Maternal mortality ratio (national estimate, per 100,000 live births)","Maternal mortality ratio is the number of women who die from pregnancy-related causes while pregnant or within 42 days of pregnancy termination per 100,000 live births.","UNICEF, State of the World's Children, Childinfo, and Demographic and Health Surveys.",
"SH.STA.ODFC.RU.ZS","People practicing open defecation, rural (% of rural population)","People practicing open defecation refers to the percentage of the population defecating in the open, such as in fields, forest, bushes, open bodies of water, on beaches, in other open spaces or disposed of with solid waste.","WHO/UNICEF Joint Monitoring Programme (JMP) for Water Supply and Sanitation (http://www.wssinfo.org/).",
"SH.STA.ODFC.UR.ZS","People practicing open defecation, urban (% of urban population)","People practicing open defecation refers to the percentage of the population defecating in the open, such as in fields, forest, bushes, open bodies of water, on beaches, in other open spaces or disposed of with solid waste.","WHO/UNICEF Joint Monitoring Programme (JMP) for Water Supply and Sanitation (http://www.wssinfo.org/).",
"SH.STA.ODFC.ZS","People practicing open defecation (% of population)","People practicing open defecation refers to the percentage of the population defecating in the open, such as in fields, forest, bushes, open bodies of water, on beaches, in other open spaces or disposed of with solid waste.","WHO/UNICEF Joint Monitoring Programme (JMP) for Water Supply and Sanitation (http://www.wssinfo.org/).",
"SH.STA.ORCF.ZS","Diarrhea treatment (% of children under 5 receiving oral rehydration and continued feeding)","Children with diarrhea who received oral rehydration and continued feeding refer to the percentage of children under age five with diarrhea in the two weeks prior to the survey who received either oral rehydration therapy or increased fluids, with continued feeding.","UNICEF, State of the World's Children, Childinfo, and Demographic and Health Surveys.",
"SH.STA.ORTH","Diarrhea treatment (% of children under 5 who received ORS packet)","Percentage of children under age 5 with diarrhea in the two weeks preceding the survey who received oral rehydration salts (ORS packets or pre-packaged ORS fluids).","UNICEF, State of the World's Children, Childinfo, and Demographic and Health Surveys.",
"SH.STA.OWGH.FE.ZS","Prevalence of overweight, weight for height, female (% of children under 5)","Prevalence of overweight children is the percentage of children under age 5 whose weight for height is more than two standard deviations above the median for the international reference population of the corresponding age as established by the WHO's new child growth standards released in 2006.","World Health Organization, Global Database on Child Growth and Malnutrition. Country-level data are unadjusted data from national surveys, and thus may not be comparable across countries.",
"SH.STA.OWGH.MA.ZS","Prevalence of overweight, weight for height, male (% of children under 5)","Prevalence of overweight children is the percentage of children under age 5 whose weight for height is more than two standard deviations above the median for the international reference population of the corresponding age as established by the WHO's new child growth standards released in 2006.","World Health Organization, Global Database on Child Growth and Malnutrition. Country-level data are unadjusted data from national surveys, and thus may not be comparable across countries.",
"SH.STA.OWGH.ZS","Prevalence of overweight, weight for height (% of children under 5)","Prevalence of overweight children is the percentage of children under age 5 whose weight for height is more than two standard deviations above the median for the international reference population of the corresponding age as established by the WHO's new child growth standards released in 2006.","World Health Organization, Global Database on Child Growth and Malnutrition. Country-level data are unadjusted data from national surveys, and thus may not be comparable across countries. Adjusted, comparable data are available at http://www.who.int/nutgrowthdb/en. Aggregation is based on UNICEF, WHO, and the World Bank harmonized dataset (adjusted, comparable data) and methodology.",
"SH.STA.STNT.FE.ZS","Prevalence of stunting, height for age, female (% of children under 5)","Prevalence of stunting is the percentage of children under age 5 whose height for age is more than two standard deviations below the median for the international reference population ages 0-59 months. For children up to two years old height is measured by recumbent length. For older children height is measured by stature while standing. The data are based on the WHO's new child growth standards released in 2006.","World Health Organization, Global Database on Child Growth and Malnutrition. Country-level data are unadjusted data from national surveys, and thus may not be comparable across countries.",
"SH.STA.STNT.MA.ZS","Prevalence of stunting, height for age, male (% of children under 5)","Prevalence of stunting is the percentage of children under age 5 whose height for age is more than two standard deviations below the median for the international reference population ages 0-59 months. For children up to two years old height is measured by recumbent length. For older children height is measured by stature while standing. The data are based on the WHO's new child growth standards released in 2006.","World Health Organization, Global Database on Child Growth and Malnutrition. Country-level data are unadjusted data from national surveys, and thus may not be comparable across countries.",
"SH.STA.STNT.ZS","Prevalence of stunting, height for age (% of children under 5)","Prevalence of stunting is the percentage of children under age 5 whose height for age is more than two standard deviations below the median for the international reference population ages 0-59 months. For children up to two years old height is measured by recumbent length. For older children height is measured by stature while standing. The data are based on the WHO's new child growth standards released in 2006.","World Health Organization, Global Database on Child Growth and Malnutrition. Country-level data are unadjusted data from national surveys, and thus may not be comparable across countries. Adjusted, comparable data are available at http://www.who.int/nutgrowthdb/en. Aggregation is based on UNICEF, WHO, and the World Bank harmonized dataset (adjusted, comparable data) and methodology.",
"SH.STA.TRAF.P5","Mortality caused by road traffic injury (per 100,000 people)","Mortality caused by road traffic injury is estimated road traffic fatal injury deaths per 100,000 population.","World Health Organization, Global Status Report on Road Safety.",
"SH.STA.WAST.FE.ZS","Prevalence of wasting, weight for height, female (% of children under 5)","Wasting prevalence is the proportion of children under five whose weight for height is more than two standard deviations below the median for the international reference population ages 0-59.","World Health Organization, Global Database on Child Growth and Malnutrition. Country-level data are unadjusted data from national surveys, and thus may not be comparable across countries.",
"SH.STA.WAST.MA.ZS","Prevalence of wasting, weight for height, male (% of children under 5)","Wasting prevalence is the proportion of children under five whose weight for height is more than two standard deviations below the median for the international reference population ages 0-59.","World Health Organization, Global Database on Child Growth and Malnutrition. Country-level data are unadjusted data from national surveys, and thus may not be comparable across countries.",
"SH.STA.WAST.ZS","Prevalence of wasting, weight for height (% of children under 5)","Wasting prevalence is the proportion of children under five whose weight for height is more than two standard deviations below the median for the international reference population ages 0-59.","World Health Organization, Global Database on Child Growth and Malnutrition. Country-level data are unadjusted data from national surveys, and thus may not be comparable across countries. Adjusted, comparable data are available at http://www.who.int/nutgrowthdb/en. Aggregation is based on UNICEF, WHO, and the World Bank harmonized dataset (adjusted, comparable data) and methodology.",
"SH.SVR.WAST.FE.ZS","Prevalence of severe wasting, weight for height, female (% of children under 5)","Severe wasting prevalence is the proportion of children under five whose weight for height is more than three standard deviations below the median for the international reference population ages 0-59.","World Health Organization, Global Database on Child Growth and Malnutrition. Country-level data are unadjusted data from national surveys, and thus may not be comparable across countries.",
"SH.SVR.WAST.MA.ZS","Prevalence of severe wasting, weight for height, male (% of children under 5)","Severe wasting prevalence is the proportion of children under five whose weight for height is more than three standard deviations below the median for the international reference population ages 0-59.","World Health Organization, Global Database on Child Growth and Malnutrition. Country-level data are unadjusted data from national surveys, and thus may not be comparable across countries.",
"SH.SVR.WAST.ZS","Prevalence of severe wasting, weight for height (% of children under 5)","Severe wasting prevalence is the proportion of children under five whose weight for height is more than three standard deviations below the median for the international reference population ages 0-59.","World Health Organization, Global Database on Child Growth and Malnutrition. Country-level data are unadjusted data from national surveys, and thus may not be comparable across countries. Adjusted, comparable data are available at http://www.who.int/nutgrowthdb/en. Aggregation is based on UNICEF, WHO, and the World Bank harmonized dataset (adjusted, comparable data) and methodology.",
"SH.TBS.CURE.ZS","Tuberculosis treatment success rate (% of new cases)","Tuberculosis treatment success rate is the percentage of all new tuberculosis cases (or new and relapse cases for some countries) registered under a national tuberculosis control programme in a given year that successfully completed treatment, with or without bacteriological evidence of success (""cured"" and ""treatment completed"" respectively).","World Health Organization, Global Tuberculosis Control Report.",
"SH.TBS.DTEC.ZS","Tuberculosis case detection rate (%, all forms)","Tuberculosis case detection rate (all forms) is the number of new and relapse tuberculosis cases notified to WHO in a given year, divided by WHO's estimate of the number of incident tuberculosis cases for the same year, expressed as a percentage. Estimates for all years are recalculated as new information becomes available and techniques are refined, so they may differ from those published previously.","World Health Organization, Global Tuberculosis Report.",
"SH.TBS.INCD","Incidence of tuberculosis (per 100,000 people)","Incidence of tuberculosis is the estimated number of new and relapse tuberculosis cases arising in a given year, expressed as the rate per 100,000 population. All forms of TB are included, including cases in people living with HIV. Estimates for all years are recalculated as new information becomes available and techniques are refined, so they may differ from those published previously.","World Health Organization, Global Tuberculosis Report.",
"SH.VAC.TTNS.ZS","Newborns protected against tetanus (%)","Newborns protected against tetanus are the percentage of births by women of child-bearing age who are immunized against tetanus.","WHO and UNICEF (http://www.who.int/immunization/monitoring_surveillance/en/).",
"SH.XPD.EXTR.ZS","External resources for health (% of total expenditure on health)","External resources for health are funds or services in kind that are provided by entities not part of the country in question. The resources may come from international organizations, other countries through bilateral arrangements, or foreign nongovernmental organizations. These resources are part of total health expenditure.","World Health Organization Global Health Expenditure database (see http://apps.who.int/nha/database for the most recent updates).",
"SH.XPD.OOPC.TO.ZS","Out-of-pocket health expenditure (% of total expenditure on health)","Out of pocket expenditure is any direct outlay by households, including gratuities and in-kind payments, to health practitioners and suppliers of pharmaceuticals, therapeutic appliances, and other goods and services whose primary intent is to contribute to the restoration or enhancement of the health status of individuals or population groups. It is a part of private health expenditure.","World Health Organization Global Health Expenditure database (see http://apps.who.int/nha/database for the most recent updates).",
"SH.XPD.OOPC.ZS","Out-of-pocket health expenditure (% of private expenditure on health)","Out of pocket expenditure is any direct outlay by households, including gratuities and in-kind payments, to health practitioners and suppliers of pharmaceuticals, therapeutic appliances, and other goods and services whose primary intent is to contribute to the restoration or enhancement of the health status of individuals or population groups. It is a part of private health expenditure.","World Health Organization Global Health Expenditure database (see http://apps.who.int/nha/database for the most recent updates).",
"SH.XPD.PCAP","Health expenditure per capita (current US$)","Total health expenditure is the sum of public and private health expenditures as a ratio of total population. It covers the provision of health services (preventive and curative), family planning activities, nutrition activities, and emergency aid designated for health but does not include provision of water and sanitation. Data are in current U.S. dollars.","World Health Organization Global Health Expenditure database (see http://apps.who.int/nha/database for the most recent updates).",
"SH.XPD.PCAP.PP.KD","Health expenditure per capita, PPP (constant 2011 international $)","Total health expenditure is the sum of public and private health expenditures as a ratio of total population. It covers the provision of health services (preventive and curative), family planning activities, nutrition activities, and emergency aid designated for health but does not include provision of water and sanitation. Data are in international dollars converted using 2011 purchasing power parity (PPP) rates.","World Health Organization Global Health Expenditure database (see http://apps.who.int/nha/database for the most recent updates).",
"SH.XPD.PRIV.ZS","Health expenditure, private (% of GDP)","Private health expenditure includes direct household (out-of-pocket) spending, private insurance, charitable donations, and direct service payments by private corporations.","World Health Organization Global Health Expenditure database (see http://apps.who.int/nha/database for the most recent updates).",
"SH.XPD.PUBL","Health expenditure, public (% of total health expenditure)","Public health expenditure consists of recurrent and capital spending from government (central and local) budgets, external borrowings and grants (including donations from international agencies and nongovernmental organizations), and social (or compulsory) health insurance funds. Total health expenditure is the sum of public and private health expenditure. It covers the provision of health services (preventive and curative), family planning activities, nutrition activities, and emergency aid designated for health but does not include provision of water and sanitation.","World Health Organization Global Health Expenditure database (see http://apps.who.int/nha/database for the most recent updates).",
"SH.XPD.PUBL.GX.ZS","Health expenditure, public (% of government expenditure)","Public health expenditure consists of recurrent and capital spending from government (central and local) budgets, external borrowings and grants (including donations from international agencies and nongovernmental organizations), and social (or compulsory) health insurance funds.","World Health Organization Global Health Expenditure database (see http://apps.who.int/nha/database for the most recent updates).",
"SH.XPD.PUBL.ZS","Health expenditure, public (% of GDP)","Public health expenditure consists of recurrent and capital spending from government (central and local) budgets, external borrowings and grants (including donations from international agencies and nongovernmental organizations), and social (or compulsory) health insurance funds.","World Health Organization Global Health Expenditure database (see http://apps.who.int/nha/database for the most recent updates).",
"SH.XPD.TOTL.ZS","Health expenditure, total (% of GDP)","Total health expenditure is the sum of public and private health expenditure. It covers the provision of health services (preventive and curative), family planning activities, nutrition activities, and emergency aid designated for health but does not include provision of water and sanitation.","World Health Organization Global Health Expenditure database (see http://apps.who.int/nha/database for the most recent updates).",
"SN.ITK.DEFC.ZS","Prevalence of undernourishment (% of population)","Population below minimum level of dietary energy consumption (also referred to as prevalence of undernourishment) shows the percentage of the population whose food intake is insufficient to meet dietary energy requirements continuously. Data showing as 2.5 signifies a prevalence of undernourishment below 2.5%.","Food and Agriculture Organization (http://www.fao.org/publications/en/).",
"SN.ITK.DFCT","Depth of the food deficit (kilocalories per person per day)","The depth of the food deficit indicates how many calories would be needed to lift the undernourished from their status, everything else being constant. The average intensity of food deprivation of the undernourished, estimated as the difference between the average dietary energy requirement and the average dietary energy consumption of the undernourished population (food-deprived), is multiplied by the number of undernourished to provide an estimate of the total food deficit in the country, which is then normalized by the total population.","Food and Agriculture Organization, Food Security Statistics.",
"SN.ITK.SALT.ZS","Consumption of iodized salt (% of households)","Consumption of iodized salt refers to the percentage of households that use edible salt fortified with iodine.","United Nations Children's Fund, State of the World's Children.",
"SN.ITK.VITA.ZS","Vitamin A supplementation coverage rate (% of children ages 6-59 months)","Vitamin A supplementation refers to the percentage of children ages 6-59 months old who received at least two doses of vitamin A in the previous year.","United Nations Children's Fund, State of the World's Children.",
"SP.ADO.TFRT","Adolescent fertility rate (births per 1,000 women ages 15-19)","Adolescent fertility rate is the number of births per 1,000 women ages 15-19.","United Nations Population Division, World Population Prospects.",
"SP.DTH.INFR.ZS","Completeness of infant death reporting (% of reported infant deaths to estimated infant deaths)","Completeness of infant death reporting is the number of infant deaths reported by national statistics authorities to the United Nations Statistics Division's Demography Yearbook divided by the number of infant deaths estimated by the United Nations Population Division.","The United Nations Statistics Division's Population and Vital Statistics Report and the United Nations Population Division's World Population Prospects.",
"SP.DTH.REPT.ZS","Completeness of total death reporting (% of reported total deaths to estimated total deaths)","Completeness of total death reporting is the number of total deaths reported by national statistics authorities to the United Nations Statistics Division's Demography Yearbook divided by the number of total deaths estimated by the United Nations Population Division.","The United Nations Statistics Division's Population and Vital Statistics Report and the United Nations Population Division's World Population Prospects.",
"SP.DYN.AMRT.FE","Mortality rate, adult, female (per 1,000 female adults)","Adult mortality rate is the probability of dying between the ages of 15 and 60--that is, the probability of a 15-year-old dying before reaching age 60, if subject to age-specific mortality rates of the specified year between those ages.","(1) United Nations Population Division. World Population Prospects. New York, United Nations, Department of Economic and Social Affairs (advanced Excel tables). Available at http://esa.un.org/wpp/unpp/panel_population.htm, (2) University of California, Berkeley, and Max Planck Institute for Demographic Research. Human Mortality Database. [ www.mortality.org or www.humanmortality.de].",
"SP.DYN.AMRT.MA","Mortality rate, adult, male (per 1,000 male adults)","Adult mortality rate is the probability of dying between the ages of 15 and 60--that is, the probability of a 15-year-old dying before reaching age 60, if subject to age-specific mortality rates of the specified year between those ages.","(1) United Nations Population Division. World Population Prospects. New York, United Nations, Department of Economic and Social Affairs (advanced Excel tables). Available at http://esa.un.org/wpp/unpp/panel_population.htm, (2) University of California, Berkeley, and Max Planck Institute for Demographic Research. Human Mortality Database. [ www.mortality.org or www.humanmortality.de].",
"SP.DYN.CBRT.IN","Birth rate, crude (per 1,000 people)","Crude birth rate indicates the number of live births occurring during the year, per 1,000 population estimated at midyear. Subtracting the crude death rate from the crude birth rate provides the rate of natural increase, which is equal to the rate of population change in the absence of migration.","(1) United Nations Population Division. World Population Prospects, (2) United Nations Statistical Division. Population and Vital Statistics Report (various years), (3) Census reports and other statistical publications from national statistical offices, (4) Eurostat: Demographic Statistics, (5) Secretariat of the Pacific Community: Statistics and Demography Programme, and (6) U.S. Census Bureau: International Database.",
"SP.DYN.CDRT.IN","Death rate, crude (per 1,000 people)","Crude death rate indicates the number of deaths occurring during the year, per 1,000 population estimated at midyear. Subtracting the crude death rate from the crude birth rate provides the rate of natural increase, which is equal to the rate of population change in the absence of migration.","(1) United Nations Population Division. World Population Prospects, (2) United Nations Statistical Division. Population and Vital Statistics Report (various years), (3) Census reports and other statistical publications from national statistical offices, (4) Eurostat: Demographic Statistics, (5) Secretariat of the Pacific Community: Statistics and Demography Programme, and (6) U.S. Census Bureau: International Database.",
"SP.DYN.CONM.ZS","Contraceptive prevalence, modern methods (% of women ages 15-49)","Contraceptive prevalence rate is the percentage of women who are practicing, or whose sexual partners are practicing, at least one modern method of contraception. It is usually measured for women ages 15-49 who are married or in union. Modern methods of contraception include female and male sterilization, oral hormonal pills, the intra-uterine device (IUD), the male condom, injectables, the implant (including Norplant), vaginal barrier methods, the female condom and emergency contraception.","Household surveys, including Demographic and Health Surveys and Multiple Indicator Cluster Surveys. Largely compiled by United Nations Population Division.",
"SP.DYN.CONU.ZS","Contraceptive prevalence, any methods (% of women ages 15-49)","Contraceptive prevalence rate is the percentage of women who are practicing, or whose sexual partners are practicing, any form of contraception. It is usually measured for women ages 15-49 who are married or in union.","UNICEF's State of the World's Children and Childinfo, United Nations Population Division's World Contraceptive Use, household surveys including Demographic and Health Surveys and Multiple Indicator Cluster Surveys.",
"SP.DYN.IMRT.FE.IN","Mortality rate, infant, female (per 1,000 live births)","Infant mortality rate, female is the number of female infants dying before reaching one year of age, per 1,000 female live births in a given year.","Estimates developed by the UN Inter-agency Group for Child Mortality Estimation (UNICEF, WHO, World Bank, UN DESA Population Division) at www.childmortality.org.",
"SP.DYN.IMRT.IN","Mortality rate, infant (per 1,000 live births)","Infant mortality rate is the number of infants dying before reaching one year of age, per 1,000 live births in a given year.","Estimates developed by the UN Inter-agency Group for Child Mortality Estimation (UNICEF, WHO, World Bank, UN DESA Population Division) at www.childmortality.org.",
"SP.DYN.IMRT.MA.IN","Mortality rate, infant, male (per 1,000 live births)","Infant mortality rate, male is the number of male infants dying before reaching one year of age, per 1,000 male live births in a given year.","Estimates developed by the UN Inter-agency Group for Child Mortality Estimation (UNICEF, WHO, World Bank, UN DESA Population Division) at www.childmortality.org.",
"SP.DYN.LE00.FE.IN","Life expectancy at birth, female (years)","Life expectancy at birth indicates the number of years a newborn infant would live if prevailing patterns of mortality at the time of its birth were to stay the same throughout its life.","(1) United Nations Population Division. World Population Prospects, (2) United Nations Statistical Division. Population and Vital Statistics Report (various years), (3) Census reports and other statistical publications from national statistical offices, (4) Eurostat: Demographic Statistics, (5) Secretariat of the Pacific Community: Statistics and Demography Programme, and (6) U.S. Census Bureau: International Database.",
"SP.DYN.LE00.IN","Life expectancy at birth, total (years)","Life expectancy at birth indicates the number of years a newborn infant would live if prevailing patterns of mortality at the time of its birth were to stay the same throughout its life.","Derived from male and female life expectancy at birth from sources such as: (1) United Nations Population Division. World Population Prospects, (2) United Nations Statistical Division. Population and Vital Statistics Report (various years), (3) Census reports and other statistical publications from national statistical offices, (4) Eurostat: Demographic Statistics, (5) Secretariat of the Pacific Community: Statistics and Demography Programme, and (6) U.S. Census Bureau: International Database.",
"SP.DYN.LE00.MA.IN","Life expectancy at birth, male (years)","Life expectancy at birth indicates the number of years a newborn infant would live if prevailing patterns of mortality at the time of its birth were to stay the same throughout its life.","(1) United Nations Population Division. World Population Prospects, (2) United Nations Statistical Division. Population and Vital Statistics Report (various years), (3) Census reports and other statistical publications from national statistical offices, (4) Eurostat: Demographic Statistics, (5) Secretariat of the Pacific Community: Statistics and Demography Programme, and (6) U.S. Census Bureau: International Database.",
"SP.DYN.TFRT.IN","Fertility rate, total (births per woman)","Total fertility rate represents the number of children that would be born to a woman if she were to live to the end of her childbearing years and bear children in accordance with age-specific fertility rates of the specified year.","(1) United Nations Population Division. World Population Prospects, (2) United Nations Statistical Division. Population and Vital Statistics Report (various years), (3) Census reports and other statistical publications from national statistical offices, (4) Eurostat: Demographic Statistics, (5) Secretariat of the Pacific Community: Statistics and Demography Programme, and (6) U.S. Census Bureau: International Database",
"SP.DYN.TO65.FE.ZS","Survival to age 65, female (% of cohort)","Survival to age 65 refers to the percentage of a cohort of newborn infants that would survive to age 65, if subject to age specific mortality rates of the specified year.","United Nations Population Division. World Population Prospects. New York, United Nations, Department of Economic and Social Affairs (advanced Excel tables). Available at http://esa.un.org/wpp/unpp/panel_population.htm.",
"SP.DYN.TO65.MA.ZS","Survival to age 65, male (% of cohort)","Survival to age 65 refers to the percentage of a cohort of newborn infants that would survive to age 65, if subject to age specific mortality rates of the specified year.","United Nations Population Division. World Population Prospects. New York, United Nations, Department of Economic and Social Affairs (advanced Excel tables). Available at http://esa.un.org/wpp/unpp/panel_population.htm.",
"SP.DYN.WFRT","Wanted fertility rate (births per woman)","Wanted fertility rate is an estimate of what the total fertility rate would be if all unwanted births were avoided.","Demographic and Health Surveys.",
"SP.HOU.FEMA.ZS","Female headed households (% of households with a female head)","Female headed households shows the percentage of households with a female head.","Demographic and Health Surveys.",
"SP.M18.2024.FE.ZS","Women who were first married by age 18 (% of women ages 20-24)","Women who were first married by age 18 (% of women ages 20-24)","Demographic and Health Surveys (DHS), Multiple Indicator Cluster Surveys (MICS), AIDS Indicator Surveys(AIS), Reproductive Health Survey(RHS), and other household surveys.",
"SP.MTR.1519.ZS","Teenage mothers (% of women ages 15-19 who have had children or are currently pregnant)","Teenage mothers are the percentage of women ages 15-19 who already have children or are currently pregnant.","Demographic and Health Surveys.",
"SP.POP.0014.TO.ZS","Population, ages 0-14 (% of total)","Population between the ages 0 to 14 as a percentage of the total population. Population is based on the de facto definition of population.","World Bank staff estimates based on age distributions of United Nations Population Division's World Population Prospects.",
"SP.POP.1564.TO.ZS","Population, ages 15-64 (% of total)","Population ages 15 to 64 is the percentage of the total population that is in the age group 15 to 64. Population is based on the de facto definition of population.","World Bank staff estimates based on age distributions of United Nations Population Division's World Population Prospects.",
"SP.POP.65UP.TO.ZS","Population ages 65 and above (% of total)","Population ages 65 and above as a percentage of the total population. Population is based on the de facto definition of population, which counts all residents regardless of legal status or citizenship--except for refugees not permanently settled in the country of asylum, who are generally considered part of the population of the country of origin.","World Bank staff estimates based on age distributions of United Nations Population Division's World Population Prospects.",
"SP.POP.DPND","Age dependency ratio (% of working-age population)","Age dependency ratio is the ratio of dependents--people younger than 15 or older than 64--to the working-age population--those ages 15-64. Data are shown as the proportion of dependents per 100 working-age population.","World Bank staff estimates from various sources including census reports, the United Nations Population Division's World Population Prospects, national statistical offices, household surveys conducted by national agencies, and ICF International.",
"SP.POP.DPND.OL","Age dependency ratio, old (% of working-age population)","Age dependency ratio, old, is the ratio of older dependents--people older than 64--to the working-age population--those ages 15-64. Data are shown as the proportion of dependents per 100 working-age population.","World Bank staff estimates from various sources including census reports, the United Nations Population Division's World Population Prospects, national statistical offices, household surveys conducted by national agencies, and ICF International.",
"SP.POP.DPND.YG","Age dependency ratio, young (% of working-age population)","Age dependency ratio, young, is the ratio of younger dependents--people younger than 15--to the working-age population--those ages 15-64. Data are shown as the proportion of dependents per 100 working-age population.","World Bank staff estimates from various sources including census reports, the United Nations Population Division's World Population Prospects, national statistical offices, household surveys conducted by national agencies, and ICF International.",
"SP.POP.GROW","Population growth (annual %)","Annual population growth rate for year t is the exponential rate of growth of midyear population from year t-1 to t, expressed as a percentage . Population is based on the de facto definition of population, which counts all residents regardless of legal status or citizenship--except for refugees not permanently settled in the country of asylum, who are generally considered part of the population of the country of origin.","Derived from total population. Population source: (1) United Nations Population Division. World Population Prospects, (2) United Nations Statistical Division. Population and Vital Statistics Report (various years), (3) Census reports and other statistical",
"SP.POP.TOTL","Population, total","Total population is based on the de facto definition of population, which counts all residents regardless of legal status or citizenship--except for refugees not permanently settled in the country of asylum, who are generally considered part of the population of their country of origin. The values shown are midyear estimates.","(1) United Nations Population Division. World Population Prospects, (2) United Nations Statistical Division. Population and Vital Statistics Report  (various years), (3) Census reports and other statistical publications from national statistical offices, (4) Eurostat: Demographic Statistics, (5) Secretariat of the Pacific Community: Statistics and Demography Programme, and (6) U.S. Census Bureau: International Database.",
"SP.POP.TOTL.FE.ZS","Population, female (% of total)","Female population is the percentage of the population that is female. Population is based on the de facto definition of population, which counts all residents regardless of legal status or citizenship--except for refugees not permanently settled in the country of asylum, who are generally considered part of the population of the country of origin.","World Bank staff estimates based on male/female distributions of United Nations Population Division's World Population Prospects.",
"SP.REG.BRTH.RU.ZS","Completeness of birth registration, rural (%)","Completeness of birth registration is the percentage of children under age 5 whose births were registered at the time of the survey. The numerator of completeness of birth registration includes children whose birth certificate was seen by the interviewer or whose mother or caretaker says the birth has been registered.","UNICEF's State of the World's Children based mostly on household surveys and ministry of health data.",
"SP.REG.BRTH.UR.ZS","Completeness of birth registration, urban (%)","Completeness of birth registration is the percentage of children under age 5 whose births were registered at the time of the survey. The numerator of completeness of birth registration includes children whose birth certificate was seen by the interviewer or whose mother or caretaker says the birth has been registered.","UNICEF's State of the World's Children based mostly on household surveys and ministry of health data.",
"SP.REG.BRTH.ZS","Completeness of birth registration (%)","Completeness of birth registration is the percentage of children under age 5 whose births were registered at the time of the survey. The numerator of completeness of birth registration includes children whose birth certificate was seen by the interviewer or whose mother or caretaker says the birth has been registered.","UNICEF's State of the World's Children based mostly on household surveys and ministry of health data.",
"SP.REG.DTHS.ZS","Completeness of death registration with cause-of-death information (%)
","Completeness of death registration is the estimated percentage of deaths that are registered with their cause of death information in the vital registration system of a country.
","World Health Organization, Global Health Observatory Data Repository/World Health Statistics (http://apps.who.int/gho/data/node.main.1?lang=en).
",
"SP.UWT.TFRT","Unmet need for contraception (% of married women ages 15-49)","Unmet need for contraception is the percentage of fertile, married women of reproductive age who do not want to become pregnant and are not using contraception.","Household surveys, including Demographic and Health Surveys and Multiple Indicator Cluster Surveys. Largely compiled by United Nations Population Division.",
